0.99970887727071167,0.0044183213632889426,1.6394840595673053
0.99746202704006881,0.031823845028883344,-1.7195334776526781
0.99645660021252758,0.041781925580202411,-1.728543256610056
0.99581083352842914,0.047702403686805381,0.24438982825020084
0.99536342311367243,0.051623229715658608,-0.02154578375338545
0.99514019981174229,0.053529508438139049,-0.32162219137237891
0.99473127519579618,0.056942058663954659,1.1477701132463891
0.99468298746273209,0.057338552806899014,0.47602420564594139
0.99248612917599666,0.074152513524782304,-0.69741078843775117
0.9921105962352349,0.076821001026788988,-1.7670284499481297
0.99053502347640732,0.087491374790606355,-1.8443484382423612
0.98676590328271196,0.11031104880643543,0.52929277501048366
0.98394147469170268,0.12555677162852594,-1.7220423306444936
0.98109990819262938,0.13969804394037372,1.8605963680658051
0.9779211453317721,0.1543819990087783,-0.3539694640807185
0.97774105054182403,0.15518282852136625,1.3950184017622185
0.97746090964357224,0.15642240262743315,-1.4749625062851615
0.97368439907373106,0.17246111434776579,1.0538791110245311
0.9696897724930631,0.18824689264180694,0.16355810097933787
0.96893873114341844,0.19109763658012077,-0.95246797932957561
0.96837506951150376,0.19321472033514214,1.4955168553301545
0.96719923063229007,0.19757145015831565,0.56515825539189546
0.95703110658766,0.23236632148680764,1.651921328225844
0.95694478810464412,0.2326425360620403,1.746643974228538
0.95508159771111001,0.23853641528408098,1.9512626509136837
0.9501804890689628,0.25345955722444646,1.2810113434533204
0.94857483909085638,0.25818008397703668,-0.91273237489392089
0.94382850669580443,0.2716961352831625,-1.2389721407760534
0.93952449800056903,0.28343609376903123,1.3118351198770033
0.93781664818833421,0.28796990926885058,1.4012269601786214
0.93611777152128761,0.29241371748224965,0.35755945497762998
0.93259857006759095,0.30141942751312578,-0.66706600817144368
0.92679910666016274,0.31571645054686359,-0.023066483742260058
0.9190485214174795,0.33387781141265122,-0.95358330861685969
0.90775818374262829,0.35866299289883879,-0.30566999636492076
0.90773802642595725,0.35870565032127771,1.0401822178996349
0.90213682813734608,0.3703574322664196,1.3229465842092343
0.89616578620965859,0.3823599276453733,-1.9464876399694004
0.88698663905080366,0.40004425593432041,-1.7163878039143903
0.88465619187098843,0.40439688265508333,-1.0465999880380048
0.88024806207713557,0.41248773780772063,-1.7675657604332233
0.87658333702546587,0.41907801078779172,-0.085782308495619297
0.8749515704082238,0.4219740952996251,-1.1646906151975478
0.86274306168302295,0.44293842873214201,-1.9507261126226974
0.86267123070436535,0.4430582777981017,-1.7406483495125484
0.86147922723519499,0.44504141439997102,1.1401348301312555
0.85858392749235057,0.44981410927788851,0.66221647018594876
0.85143725600526421,0.46133618004463695,-1.2859969982637685
0.84829603705448098,0.46628874299365058,0.51250903017494398
0.84409289053611147,0.47281337151233599,0.043459213394250629
0.84220239343711301,0.4757109054565527,-1.9641749564886464
0.84145752703948384,0.47684634810192211,-1.6283365846484061
0.82535030736939385,0.50058492212207339,-1.8464376976707109
0.82410936951652058,0.50235225002691253,-0.85712074333155686
0.82073331952175299,0.50711816053085823,-1.8645448534839155
0.81772714580431261,0.51131093490944235,1.0819146685294494
0.81236673371021495,0.51867139139863083,1.1259677984697705
0.81027288104915662,0.52150717597728868,1.6300301569369666
0.79836924379550511,0.53722733714557902,-0.3542810391391531
0.79615611065508329,0.54007746128307255,-1.8315351800709347
0.79538369909015494,0.54106700597503199,1.9882913059686365
0.77909015277534488,0.56134018705705702,0.5307465659113606
0.77648941787332615,0.56447414517223227,-1.7619250660568699
0.76177066170312169,0.5817149533206265,1.5719379540699938
0.75002064919805078,0.59490475051019531,0.81643656093662775
0.72830749670286243,0.61804475482892418,-1.1389287051658967
0.72561160634401634,0.6208124337100468,0.89716839224155365
0.72055344508284824,0.62594529015280964,1.0264121311377052
0.71405056375258524,0.63243159110353708,1.3236782321115141
0.69627902844437628,0.64953802369824676,1.1955944898359911
0.68578517764456914,0.65923275426862338,-0.94901629147520383
0.68124792179974725,0.66333500343634766,-0.66071845023148912
0.6772561087807637,0.66690049104672877,-0.39292268023834342
0.67497567136202752,0.66891929838123643,1.0091922531192457
0.67181130003520417,0.67169909841511655,-0.09034232446302326
0.66249004545429702,0.67974463469299029,-0.84050646274780272
0.66212024629659771,0.68005948869906441,-0.64862029970798485
0.66155184446446202,0.68054279951706254,0.042134746962574354
0.65577211279547076,0.68541378164498568,-0.165769011649751
0.64950270325306814,0.69060912893044479,1.3874234175882769
0.64470746431739534,0.69452197119747405,0.90873183611193165
0.63964347343054495,0.69859781093570994,-0.19570120208910646
0.63928443706400451,0.69888461574141092,-0.98337895533002584
0.63765512193615648,0.7001825557136615,-1.0379429006602598
0.63411413788081283,0.70298321085966275,1.1411241154800846
0.62754932419237841,0.70810334147202203,1.8575214430395204
0.62477113866770451,0.71024228635331776,0.62496340599268629
0.6235313537378131,0.71119151545917447,-0.63872486612011992
0.62024257876972355,0.7136938312121115,1.0318936478093241
0.6185112590783276,0.71500202554456538,1.1586488983649499
0.61625000099622262,0.71670125082836744,-1.8988808935611465
0.60655734608207668,0.72386582858989179,0.27193000382817711
0.60321697237767324,0.72629088802696806,1.698909926261928
0.6005527763294497,0.7282090958613866,-0.50061526364931552
0.57383049102033068,0.74668816473173316,0.10958877667022859
0.57231747923820642,0.74769414856048455,0.54150869926616574
0.56398430474657335,0.75315971799554238,-0.60178344062426659
0.55872384688257659,0.75654532301972599,0.65886095011180768
0.55202198595301855,0.76078730195865918,-0.67538619139241307
0.53439353145837698,0.77157232464841174,1.5362425176147201
0.53210224995179667,0.7729352043994987,-0.20835851543111028
0.5216170011066763,0.77906018036907443,1.4137688228618543
0.52036109152578836,0.77978163919176691,0.99478388447813648
0.51902919960085858,0.78054392401600359,1.5981891614961756
0.51716871856151858,0.78160388893776411,-1.8268747428619951
0.51595366201803827,0.78229309697427152,-0.17654974041728577
0.51238404488346956,0.78430402619788042,1.5760451762849939
0.50741922578094145,0.78706682267876249,0.54774732880217858
0.48684169923589177,0.79810236973813664,1.9440018766251623
0.48517751027866901,0.79896610535672341,-1.7832607017050788
0.48458204421069634,0.79927412919921281,-1.7699299304690266
0.48266280686065405,0.80026322803005023,1.8154368289570861
0.47963751671382876,0.801810949580264,-1.0169481533160458
0.4679001054462355,0.80768504771025218,-1.7767209653419411
0.46143596384046098,0.81083241323154465,-1.3801897356338895
0.45051051024425492,0.81601267007496647,0.18849331234073796
0.44693156635161296,0.81767197655800672,0.65321872240801593
0.42983514858229899,0.82534629885444577,-0.0058626218973376609
0.42710717563571304,0.82653272665075916,-1.7457991078224837
0.42335274429435404,0.82814861677630136,0.18204501060474598
0.40961167319346453,0.83389680761911655,-0.38800570712078519
0.40947571181888065,0.83395239182021053,-0.28434331248556521
0.39859315329100764,0.83832027461197278,-1.8612966602500007
0.3782937323787709,0.84604506123438017,1.4473601564623424
0.37726865146248156,0.84642074551966429,-0.28071462750279252
0.3729703192134225,0.84798113026483468,-1.5096468701455859
0.37089054948382733,0.84872750531116692,1.705994646506714
0.36107588349217185,0.85217429788600563,-0.030313344048972901
0.35885510329005177,0.85293702963842644,-1.8909022789519514
0.35084957712891757,0.8556343112343594,-0.71038365890740662
0.34828538100625395,0.85648104606986741,0.47450038198116662
0.34606249491150037,0.85720834756011066,1.0601242707206389
0.34336615654851249,0.85808219262681529,-0.19542733399030787
0.33847445728403969,0.85964419442834894,-0.33914815891820105
0.3357375642999425,0.8605050539341661,0.94326466179025736
0.3320730470547435,0.86164305048067302,0.64963036215702763
0.32208458363110892,0.86466027468502471,0.89199447860582604
0.31771832041787779,0.86594051619494505,-1.3147254647586522
0.31624432285409931,0.86636742358004359,0.43854169067406135
0.30825210143057252,0.86863590618562914,-1.6924655198293914
0.3071741760812684,0.86893589980642771,-1.0473001636878618
0.30581022434180949,0.86931347200285058,-0.37075951349053593
0.29484198338031881,0.87226782030235372,-0.28966542909175441
0.28885044693148676,0.87382044905519385,0.46386063796565402
0.27832863537962105,0.87644312163366667,-0.37962595270303989
0.25710250382857724,0.88133467830348189,-0.15332593787496851
0.24630331844354347,0.88362044538261686,0.85621421850065182
0.23910875931721476,0.88506794226687868,0.58039527382961342
0.21334850452006127,0.88976103709951915,0.046324660699936793
0.20202243828826202,0.89158403870833081,1.1000384322133483
0.19956851186127669,0.89195978123094455,1.6499340765013772
0.19816229098698823,0.89217201982226402,-0.46261830896046163
0.19493480602783961,0.89265066050535202,-1.8288920685594001
0.18002232119105369,0.89470924941029484,-0.54195426197972152
0.17443155387676745,0.89541640522386945,-0.31879116031199839
0.16062631381774384,0.89701222451811624,0.036018865584209525
0.14831585560553467,0.89825530077380533,0.67107815490382183
0.14162443060921076,0.89886001760963308,-1.7243267770508899
0.14109562404821729,0.89890567913899555,-0.55899878945401715
0.12951153294845971,0.89982785065697035,-1.0477794567653715
0.11206675469507295,0.90093520399052318,-0.81952308468878021
0.1089640138221997,0.90109678915485414,-0.98340552168307971
0.097276198812226156,0.9016096679553316,0.0094937519286348859
0.079759138067830637,0.90209499782241942,1.6903267044993942
0.056480523092210098,0.90221400969155374,-1.593704360568184
0.045174286275087974,0.90205504608895615,-0.32362446517426013
0.033488056718237659,0.90174152438769895,-0.055788287535792236
0.031937788353528479,0.90168852300779134,0.3603605769828504
0.024827386610784038,0.90141114285573554,1.3098647056199142
0.024441864665490167,0.9013944934911996,0.96268338781745477
0.0176620611209551,0.90107460418827012,1.0084394157357086
-0.00395236407767124,0.89971165845834555,-0.24514646216355285
-0.013816663622288028,0.8989153914412672,-0.90838553219262952
-0.019820558251454623,0.89837705714982752,1.3903041011509707
-0.023078272317228369,0.89806791388851737,-1.439849306053651
-0.051384791048694547,0.89487438553678478,1.5539339436122606
-0.053846545751944877,0.89455341547916223,0.59029605603288759
-0.06404742457422026,0.89314915721138755,-1.5387393539263901
-0.079514854174999677,0.89079051064787063,1.0360478652950791
-0.083106501252149467,0.89020303595272388,-1.5531673514882276
-0.084856113670470426,0.88991140295605708,0.46561880946546985
-0.09329698323703943,0.88845408764107059,1.3599429266002501
-0.10357796627335483,0.88656587456491964,1.3410572119477182
-0.11492849776027367,0.88433578810149793,-1.7850894101473354
-0.11596289004450371,0.88412492528131803,-1.5346480409519749
-0.12211894025060081,0.8828435072818267,-0.12489179325447397
-0.12644836512851851,0.88191505540406046,1.7028686913035456
-0.13194489425490771,0.88070374612791169,1.8519563900641298
-0.1432182550382903,0.87810466059521197,1.6591366401400771
-0.15466452421951613,0.87530661536313958,1.3226456200428163
-0.15873613453083504,0.87427233404441451,0.93272088380345508
-0.188893503993599,0.86596521419344086,-0.37707529836111275
-0.19242429069131645,0.86491714287326815,1.4641531796615612
-0.19978651165071062,0.86268008742808888,0.14047934236613635
-0.20324504782078567,0.86160494415438593,-1.1961874077130954
-0.20734462951187621,0.86031032791972073,0.7426446974490406
-0.21029039324068274,0.85936649550330668,1.1989418045339755
-0.21391719235746112,0.85818878774099649,0.41088310583943866
-0.22676234152415087,0.85387743889334566,-0.59515580596397699
-0.2299748743805751,0.85276470534952131,-0.64311903317486596
-0.24144988027530465,0.84867604442908673,-1.3640905146836388
-0.25220832231984858,0.84467894717456782,-0.48429526508412968
-0.25929080273108601,0.8419598600190572,-0.85531512429434642
-0.26005108355436646,0.84166379735430719,-0.58815022144532847
-0.26783894687467424,0.83858409570094261,-0.73278962751081078
-0.28285377730274719,0.83240172194018502,-1.5305252091853934
-0.2978574689654323,0.82589527618679281,1.7317620919271062
-0.3171161261076384,0.81704835579056234,-0.28664391292511349
-0.33088146532383828,0.81037360116271828,1.7675030625121049
-0.33272042631282112,0.80945922291433925,-1.2333121815733485
-0.33310095668974427,0.80926933912202614,0.15902352331822867
-0.33556727261681291,0.80803302903939256,1.7739329187778696
-0.33867577125840359,0.80646086999450073,-1.2729772469943894
-0.34706866503020628,0.80213768760673809,-0.47655260026757817
-0.34733737822924537,0.80199736800458954,1.5229662125101413
-0.34757105015556838,0.80187524993590686,-1.5430774849218838
-0.36231789120150171,0.79398449422761841,-0.66777922585670346
-0.37117668466842568,0.78906708007340043,1.0719749732447061
-0.3866968529517284,0.78012160874863867,0.0086862858875642601
-0.39182305303539439,0.77707236961006876,0.16227410133360687
-0.39580075359117917,0.77467326524000768,-1.297025798459265
-0.39976018941694069,0.77225619308420079,-1.5706285249275433
-0.42376995160980996,0.75696225911658377,0.06775228852886972
-0.43154657203660268,0.75176642698435803,0.79096126522679988
-0.43324138006885859,0.75061783544600136,-1.4579455296280819
-0.43504103436771585,0.74939175928999657,0.83245631948919652
-0.43773314986625578,0.74754522545967861,0.60144651664632098
-0.44312713254941172,0.74380016011740857,-1.9677326359214504
-0.45126405863581948,0.7380343758626261,-0.377284992687549
-0.45601231556840721,0.73460392753916248,-0.36530126471887447
-0.45698074018837664,0.73389822756899015,1.7525296314433692
-0.46594197142412708,0.72726933523115134,0.16503087010752315
-0.47243742745294465,0.72235096733686754,1.6900783975819262
-0.47402299914332929,0.72113560622148687,-0.60013425313468627
-0.48253421996221657,0.71451069752544139,0.07550668426244922
-0.48507457048562663,0.71249987934915437,1.0451722867003386
-0.48516093689849404,0.71243124174833028,-1.3961818188564732
-0.48620527144473091,0.71159984902403672,0.30894845100969093
-0.48794273127535831,0.71021077330676718,-1.2280961009499767
-0.49117185958139392,0.70760944837187445,1.2072974180550444
-0.49482038662460692,0.70463913918538401,-1.4340659403781171
-0.51284974191938137,0.68946066794758853,1.3979919502412006
-0.51335032150675475,0.68902701106348985,0.97139435436245902
-0.51460328090156315,0.68793858517357553,1.0679488822673813
-0.5149211803555982,0.6876617528190031,1.6520864886138789
-0.53259613348428136,0.67182624720398532,0.82826589282029239
-0.53489286851661788,0.6697026071836113,-1.9940211257836475
-0.540370426040098,0.66457430612701074,0.11212585246131779
-0.54246984005647536,0.66258464576489695,-0.052372589987639717
-0.54392107686660984,0.66120135709964301,-0.32837404310560725
-0.54795264302292668,0.65732416651414516,1.9370571519967212
-0.55610272182731457,0.64932827309531371,-0.72513227699975191
-0.55815804374898847,0.64727768408447484,0.49088664411477057
-0.56726487668282932,0.63802080555084717,0.38851328714135391
-0.56920492174588289,0.63601190747934711,1.4900363366850451
-0.57282191845186026,0.6322310325421493,-1.9773234252729943
-0.57347355071197681,0.63154490645383188,-0.33805514739301534
-0.58332432240453613,0.62098292421821777,0.066404766984409225
-0.58394703308340856,0.62030303747514448,-0.3482619531983473
-0.58815142073376814,0.61567350313345925,1.3142220408339491
-0.58940822799526993,0.61427622180455499,-1.6687829136527386
-0.60338792297056232,0.59830178609361895,-0.93676423665964492
-0.61072150766122446,0.58958909435451179,-1.3218092111060975
-0.61353930513796384,0.58617723266946653,-1.5987140345560515
-0.61385087543576355,0.58579773578504934,-1.9929096819479839
-0.61784637917602281,0.58089097072557949,0.0060922279323527562
-0.6190358541315677,0.57941562060111251,-1.3040637264136028
-0.61940937243713945,0.57895093259160291,-0.10616572043847139
-0.62093392213847443,0.57704727779118992,-0.22333261644621505
-0.62611782615777256,0.57048887276231308,-1.3358089725126208
-0.6274325763754941,0.5688041100741732,-1.750142201546026
-0.63807576833542889,0.5548324468482676,-1.5699327647982755
-0.64279467764487153,0.54843949317113216,0.37595557623551912
-0.64521624583009018,0.54510924126930915,-1.4514955003593819
-0.66335964266709979,0.51900443706264521,-0.59217864245409579
-0.68058386832507156,0.49209854489585142,-1.2080305216105809
-0.68451472771593069,0.48562707617005141,0.74859804607560543
-0.68595231912469723,0.48322695360536266,1.3390427479557916
-0.69028459484381699,0.47588168783963553,-1.6833004645228242
-0.69170219812178591,0.47344046236478871,-1.9152628715285962
-0.69988784254266045,0.45895836950850077,1.4240426671680355
-0.69995682303053286,0.45883341452117687,-1.5154249166476887
-0.70027584183747194,0.45825486858670778,1.8407935293705453
-0.70185445194246787,0.45537596371223915,0.41312900306382438
-0.70260282038081545,0.45400171097974046,-1.3070589069679652
-0.70564658889124532,0.44834806548160999,0.26787213711882929
-0.70921929987293109,0.44157554319203879,-0.15947761258293092
-0.71032294828695364,0.43945251141642572,0.5028758563352218
-0.71558406006481889,0.42912086101315022,-0.42354201091529475
-0.7195188795576869,0.42115273480859733,-1.1390503450990246
-0.72525684309306604,0.40913131555897198,0.86172096538944132
-0.72542037241184076,0.40878131088642367,-1.6760105924365445
-0.72557847438709133,0.40844251811630661,1.4255584228587623
-0.72592581395350742,0.40769681110089945,1.7910323609530119
-0.72626689919166221,0.40696264686669398,-0.61584961729152621
-0.72702127675281236,0.40533220427133776,-1.8616611022474205
-0.72704105079787862,0.4052893416107145,1.2388505249510491
-0.73128830400000855,0.39593024713222563,1.2521748000120008
-0.73357462839315302,0.39076081497095422,1.9971039002226538
-0.738874670774049,0.37839374741235865,0.38364057227930903
-0.73888992894143302,0.37835732735784011,0.4679289328644165
-0.73915918513844092,0.37771383008499976,1.0387597280570415
-0.74210300415001296,0.37057664067410001,-1.1380202010897729
-0.74429569147311192,0.36513414568711511,0.4643846467284094
-0.74453234792405609,0.36454000306099693,-0.60334000193824711
-0.74790154044760371,0.35593202331560447,0.16148234586845023
-0.74886754461684357,0.35341040764930909,1.8874951009540135
-0.75177856481706817,0.34565763496704921,-0.71623451365348467
-0.75199579598928545,0.34506946669675848,-0.42405345695920404
-0.75252074620521614,0.3436424155431565,0.90991623794221477
-0.75445313066647857,0.33831785853399132,0.52971664922896888
-0.75453331309091676,0.33809443103367942,-1.3117042094883882
-0.75687694759767898,0.331472303457088,-1.310876703554102
-0.75924468260498756,0.32459282134726614,-0.37650616548741311
-0.76174526381630969,0.31710382343476895,-0.24413926020651866
-0.76371346968703746,0.31103445335916508,-0.15027740332074391
-0.7658221399933085,0.30434678918039249,1.0000426990881963
-0.77031300333728336,0.28938860161969227,-1.1359896138198495
-0.77135912873724022,0.28574845506979712,0.090024112586961191
-0.77162591247855572,0.28480988451715467,-1.5518784943586708
-0.77413694169865699,0.27575860179937234,0.38107179105544509
-0.77566483170784872,0.27004448920531088,1.0125674187514222
-0.7794767245598796,0.25500213747285638,1.4582715269632116
-0.78490153899373449,0.23116195937559622,-1.431526816519459
-0.78582016793648313,0.22676613310129484,-1.5997869028554668
-0.78709026122364634,0.22047879569764925,-1.1602768539982264
-0.78977992993781632,0.20622351272005493,1.3878041559153695
-0.79051470463439499,0.20206736620487289,-0.9276023412200356
-0.79164290207848431,0.19542521642100547,1.9843090172802866
-0.79265057253056892,0.18918984110675438,0.68319213835145209
-0.79637713599425841,0.16272057685529692,-0.8879603181099105
-0.79665284069842446,0.16047177666337367,-0.17818538331921285
-0.79735940532265859,0.15445271932967086,0.8308163648983844
-0.79833998711149501,0.14536318009066598,-1.2900217131260252
-0.79912703981410704,0.13725625509056594,1.1760601830689428
-0.79946094881819474,0.13353252224835716,-0.24819805629655756
-0.79993606947668217,0.1278622932586741,-1.9984018781985085
-0.80079472902833626,0.11608175568051944,-0.88353363722096256
-0.801258290415787,0.10845468905529722,1.5392177062687016
-0.80176460039380926,0.098262042970595043,1.6381689268365145
-0.80195959393901783,0.093425271670572171,-0.38340349174994648
-0.80204373058963629,0.091077881430540672,-0.26585613833756128
-0.80220007294653295,0.086078064292542486,0.13859176231747483
-0.80228381841299778,0.082877504959865636,-0.0051932703814054904
-0.80232375560056324,0.081148460981067844,0.19779822997615915
-0.80244843403964172,0.074071162841589031,-0.87162662517169176
-0.80245624965090478,0.073462096545609465,-1.8323213454884799
-0.80251381727471127,0.060719078033285245,-1.1405935349926537
-0.80249566336080258,0.057408642350612916,1.5612803363892898
-0.80246030314802452,0.053799637514943599,1.2181908125456955
-0.80241943217880507,0.050856060542798856,-1.3544324275919775
-0.80229059493934207,0.044344570881124583,-0.44269933987879284
-0.80221746840996899,0.041491949935627721,1.3998471729459911
-0.80214734550730482,0.039068304057125372,1.5851346369202139
-0.80197491429886658,0.033944620143406497,0.8318213418135425
-0.80192671000911919,0.032664699043015735,0.39502129823391119
-0.80189425992087449,0.0318323213223747,-1.2926196203228084
-0.801699482113154,0.027236984619568954,1.1682397275088205
-0.80146576261189439,0.022398360547261784,-0.99769212899921644
-0.80002388171923411,0.00030082626517448352,-1.0544263425297973
-0.79889760374440977,-0.012590192114262565,-1.5201543520163732
-0.79853909517413824,-0.016252599629822319,0.64417529810593255
-0.79844345881113687,-0.017201120999648128,1.9241348785814298
-0.79843425611271546,-0.017291797407839312,-0.9735806928822015
-0.79815568958307181,-0.019989296524202123,0.10227448553376917
-0.79720760163183413,-0.02857092347377882,0.74473617825374916
-0.79680954777438651,-0.031940316264728645,1.7491545593995519
-0.79579364999867941,-0.040034343995062435,-1.8643482765254289
-0.79471107010289832,-0.048001371900282391,-0.61684807269494302
-0.7946021266882517,-0.048771055559937444,-1.4472890443527158
-0.79222754383938065,-0.064372154363140338,-1.6083030737008164
-0.7919534795162293,-0.066048326098533894,0.37497641814266558
-0.79011474010853999,-0.076759666741893537,0.0027221280138753912
-0.79003190875100371,-0.077222296583878899,-0.11721503806272926
-0.78717768598352333,-0.092293811720548125,-1.2898789003290942
-0.78500220809380306,-0.10282686763022597,1.9831043689093106
-0.78443033099307724,-0.10548120334357357,-1.7807413059257691
-0.78328224101669564,-0.110681155133434,1.4970159051755503
-0.78219028817150471,-0.11547859871906291,-0.093645810828323572
-0.78092578711982286,-0.1208686411817218,-0.94943287901964801
-0.77895331858049055,-0.12895577281456033,0.25956486670863432
-0.77517908215568065,-0.1434902627404222,-0.054554777459457693
-0.77486729067256155,-0.14464202274884794,-0.74707629562288158
-0.77358120097458816,-0.14932138428524772,1.4922858828895436
-0.77050310572235403,-0.16008890703555578,-1.0210262964832717
-0.76880002358781274,-0.16580892664209096,-0.03502795149941873
-0.7669682255669773,-0.17179034495555215,1.5108420229098316
-0.76583284924225492,-0.17541450976335582,0.29609158645229616
-0.76262402535642893,-0.18534012928893009,-0.22731509890398582
-0.75051428402385123,-0.21931124746337358,1.5420229776133461
-0.74975180855464552,-0.22129528698589895,0.57991935866793787
-0.74610653899132895,-0.23056523522467329,-1.3478428890844842
-0.74310975621221897,-0.23793585916801038,0.79814942812347756
-0.73617044263566001,-0.25422722171633577,-1.9401141528669963
-0.73421803411081399,-0.25863255120615403,0.32956097215524061
-0.72933100350347935,-0.26934848015647794,0.90695351971856297
-0.7279585590359654,-0.27228226912666231,-1.8071800379649567
-0.72749875154419796,-0.27325807694116644,1.3044149185252714
-0.72496140079221871,-0.27858057240265033,1.9710722564660967
-0.72490043355230815,-0.27870718770806679,0.93921260570637211
-0.72373453924646258,-0.28111725605410715,1.706536710289615
-0.71596718825004746,-0.29665642307312878,-1.7018383739202183
-0.71425502895735338,-0.29996790130472345,-0.8052925584524866
-0.71212783646816569,-0.30402837082339618,-0.87357746402568814
-0.70083616878305544,-0.32465900230328182,-1.9156749875883219
-0.69108431027203154,-0.34135558655344406,1.7677927022569175
-0.68348283710033142,-0.35373567635717618,-1.6693705992318413
-0.67348990296717126,-0.3692521493297839,1.106057103913114
-0.66938706538600945,-0.37539268756289917,1.9634327349524878
-0.66832013276849722,-0.3769687226377037,1.6997304733159293
-0.66798416264667715,-0.37746326185068191,-1.5417784300199964
-0.66650222626578393,-0.37963476144597857,1.789965186402692
-0.66394592663724172,-0.38334325605286007,0.83458245406294163
-0.66308734615388054,-0.38457840246915537,-0.97630616179536522
-0.66197737513809551,-0.3861675449060557,1.702810229445106
-0.65642240075649527,-0.39399398032389971,-0.31034236286000638
-0.65605873048186913,-0.39449915729056145,-1.0603831623372098
-0.65052838703946825,-0.40207610734848631,0.15318511060450568
-0.64926184362395623,-0.40378413879980601,-0.7670623809051289
-0.64904158999595052,-0.40408015356423527,0.084859569347206953
-0.64058135587907761,-0.415229359901507,-0.39145285625307213
-0.63567417382782143,-0.42150602193376652,0.92004372049673622
-0.63251494018747745,-0.42547626579394338,0.80350746013931085
-0.63127270111416733,-0.42702260656950752,-1.4981886073502744
-0.63108525987715158,-0.42725521706064856,-0.66532314558923833
-0.62785519169302684,-0.4312344893521512,0.52883656226792342
-0.62711622839942371,-0.43213718250068095,-1.1100814889101289
-0.62680918771335725,-0.43251142227197542,1.0932935802508723
-0.62206711591291941,-0.43823026826171596,-0.54165638562313401
-0.61922899950045152,-0.44159913866650435,-1.8874386903037914
-0.6186152438423963,-0.4423224730377856,0.5506788214671916
-0.6122035253007696,-0.44977089140975679,0.98813537013983721
-0.60115145651145341,-0.46216544573854901,-0.5147558363731517
-0.5984010387935822,-0.46516631284353771,0.014961244398637774
-0.59458128280241374,-0.46928061909462482,1.4779923124785279
-0.59224242891113998,-0.4717698039624032,1.6172227048017662
-0.5900279866082816,-0.47410591492997961,1.9562273658901397
-0.58964791131672589,-0.47450487141104514,-0.45028329019840996
-0.58711991854318879,-0.47714367725272933,-0.25701827525009646
-0.58478750687476655,-0.47955578120486875,-1.0158642973650389
-0.57725493651537907,-0.48720136701501854,0.6842721356521948
-0.57595749065936586,-0.4884964837612169,-0.46364763271381726
-0.57328469074562471,-0.49114471968907575,-1.1974538521436791
-0.56909810825058704,-0.49524011146002422,0.85449414623768227
-0.55870450539429417,-0.50513739417257053,0.91219105023522618
-0.55535511409360383,-0.50824731610192575,-1.1503510740602381
-0.55384418240597999,-0.50963785184691968,-0.96786397377365985
-0.54778992236009283,-0.51513388235963287,0.54592108133399986
-0.54573762803642178,-0.51696982620133092,-1.0909471180038186
-0.54356170631856382,-0.5189016064490205,0.98140101162180571
-0.53512818629956627,-0.52624807879590574,-1.9589651383943543
-0.53203397828620724,-0.52888846327555072,-1.2824720483570733
-0.53161701629204916,-0.52924205213947684,0.58643081971365518
-0.53125861530545926,-0.52954556192348279,-1.1773155720899608
-0.52948983052404752,-0.53103779951490504,-0.28291438392275392
-0.52630208432026926,-0.5337036085068112,-0.20075486254591235
-0.52336273972395064,-0.53613515506376452,0.25742287574407241
-0.51157432930084989,-0.54563743790819197,-1.1939230152319444
-0.5107318432947161,-0.54630156029243404,0.29680052279700542
-0.50744025499201262,-0.5488775240246283,1.918663626448561
-0.50289810838408333,-0.55238365152656144,-1.4763690589829785
-0.50072657863649161,-0.55404025020555492,0.2620259538347951
-0.49904054298588485,-0.55531781458245488,0.56597422418237864
-0.49808049807862703,-0.5560419078032095,1.050960909164417
-0.4853411707606029,-0.56542338796522829,-1.419676648811917
-0.47519787539317326,-0.57259964028765864,-0.52962883414478901
-0.47446087006619592,-0.57311119322217763,-1.7490179500415239
-0.47294502082898204,-0.57415919347713229,-1.2937476876884753
-0.46885382411803284,-0.57696003356465575,-0.95572855318238403
-0.46148652438297461,-0.58190331614571011,0.2161509937223145
-0.46079168675514459,-0.58236295881858902,0.45784326923894403
-0.45934355802642796,-0.58331730405141768,-0.9445383986599265
-0.4522954320524239,-0.58789318504609056,-0.028088389896444355
-0.45021256497821399,-0.58922377758593614,-0.80172263459207826
-0.44365068545933939,-0.59335202458298975,0.48016747502443247
-0.43662494024759796,-0.59766655642176814,1.7161692531345696
-0.43578003969951301,-0.59817815918025063,-1.0790757868503245
-0.43264452894739058,-0.6000632924124446,0.83252397801555045
-0.42390720804709292,-0.60520560851164762,1.9037251583863681
-0.42373608478064045,-0.60530471234764294,-0.73471279320602312
-0.42218983975034208,-0.60619742104039365,-0.62162469060500758
-0.41969591733627354,-0.60762675422203993,-0.11558420823811
-0.40442913557931959,-0.61609832586506053,-1.8853138928683979
-0.40272394141461276,-0.61701531604082127,-1.2435250626247911
-0.40214167623464242,-0.61732711044402866,-0.18742201245768531
-0.39887893788266121,-0.61906182107827323,1.6905305435959876
-0.39273177319741659,-0.62227319593351393,0.81186541446679428
-0.38512685062915752,-0.62614454854657886,0.65735949714137565
-0.38142018968156599,-0.62799125494889552,-1.6585307899642761
-0.37101838086321137,-0.633035022576665,0.65719294042013754
-0.3594436093381832,-0.63841159273492165,-1.1902527489463468
-0.35688799290600276,-0.63956574031344882,0.77279069492566999
-0.35483463624100098,-0.64048451400469253,1.204586216315739
-0.35436609655287854,-0.64069309816245879,-0.62266343503563881
-0.35435961454504417,-0.64069598105039505,-0.2315519915836739
-0.34490493728645821,-0.64482105819655855,0.36490508225861884
-0.34066536389334923,-0.64661934753606742,-0.7652080076177401
-0.33308355478962393,-0.64975688999226977,0.87455046207330334
-0.32682459667473129,-0.6522719903243287,1.9951824135953795
-0.32581107330882147,-0.65267293478488309,-0.57688708742199069
-0.31791034712352328,-0.65573843209850879,0.1014412746107265
-0.31715328237337104,-0.65602662045699411,-0.41418069344050545
-0.31582289462960006,-0.65653071198977442,0.88498006242816096
-0.30359893471486038,-0.66102377861347195,-1.6923064114720909
-0.30208396397467896,-0.66156333569488712,-1.8825911785618294
-0.29707133954994919,-0.66332164949240857,-1.7053543060628598
-0.29565933061710292,-0.66380951055657045,-1.3363717558610766
-0.29541331588383835,-0.66389417726874334,-0.025822134446299216
-0.28701770991997344,-0.66672450881078638,-1.8820929658397372
-0.28096287532062442,-0.66869498016489959,1.5825485642007449
-0.28094467085021452,-0.66870081576572427,1.1350660851621215
-0.28004344136259685,-0.66898904896505884,0.08311864928244983
-0.27033260056381148,-0.67201261062211837,1.631933067495301
-0.26762321725054944,-0.67282951234235622,0.65062856271584835
-0.25806476122464761,-0.67561926356209823,0.94834542777628528
-0.25356072445758965,-0.67688433336997955,-1.4746449295788424
-0.24991959215280296,-0.67788401259989484,0.80302281307848622
-0.24201858772426382,-0.6799828526246845,-1.1828392515592907
-0.24061475064790297,-0.68034573225526185,1.374657010111163
-0.24030329602310208,-0.68042583130471901,0.18129613713915793
-0.23592944642856412,-0.68153501849424913,0.49361188150374469
-0.23557920801406085,-0.68162257434857587,0.51338751895388501
-0.23237197606882706,-0.68241566092800454,1.274404692455783
-0.23164790341003991,-0.68259254571322781,-0.51427633480250545
-0.23114172565042407,-0.68271572778226397,-1.8691142288577685
-0.22805669824883298,-0.68345809041588568,-1.2772134218824092
-0.22286342266798606,-0.68467525377895533,-1.3093066237115769
-0.21557701899083367,-0.68631452632569045,-0.15571269684500288
-0.20341262813275343,-0.68887429559995894,-0.71538794205592415
-0.20228387436987311,-0.68910066035580242,-0.66663328507671249
-0.19122686716644599,-0.69121845346678235,1.9069970674824801
-0.18787275898792966,-0.69182526740878392,-0.89864672262299239
-0.18474651136911532,-0.69237598899208974,-0.7716644075593595
-0.18266324189758726,-0.69273502810661514,0.14915767861902518
-0.17435329499674165,-0.69410409610077017,-1.3573183187494657
-0.15385802541565119,-0.69705178372161558,-1.8296144655858742
-0.15298872630575069,-0.6971633818939067,0.79716681053681304
-0.14512123383438175,-0.69812390720512874,1.702319007722787
-0.13839383175881256,-0.69887470034476262,1.1571524110648501
-0.12435173667273014,-0.70023297323765987,0.92067768865593269
-0.11614630059746826,-0.70089630048480955,0.91376700937118471
-0.11373736464379169,-0.70107281293738499,0.49609679094505932
-0.10114754796011564,-0.70186090521835665,0.65050434395171619
-0.096708354195226179,-0.70208502527232153,-1.769325654393886
-0.094801293698550088,-0.70217270464335491,-0.85518685459867161
-0.083805435287858984,-0.70257744892534191,0.98594131661756279
-0.071638779523740828,-0.70282508815895872,1.1267009944041133
-0.063644134466856545,-0.70287326154964513,-0.37823842401522789
-0.063071303691887556,-0.70287322340409453,-0.36608912963176188
-0.052730913465484641,-0.70279222290761822,1.6989943787966202
-0.049598979345437673,-0.70273763655672206,-0.73976269162399388
-0.049026225094981807,-0.70272614142554102,-1.4543839590215217
-0.046703751262613058,-0.70267473410907255,0.42766158488982198
-0.041963054382368352,-0.7025459059007495,-1.9196195237815719
-0.040234046798421234,-0.70249093211508751,0.73615134795394255
-0.036246925502656513,-0.70234787155482747,1.5449016106213596
-0.035506022124206948,-0.70231878211536491,-0.62680187788948416
-0.028634494228978249,-0.7020115364677354,-1.3217432700103044
-0.016986425620501899,-0.70133592171428527,1.4514765286581475
-0.015985429256697405,-0.70126875386729981,0.65096162020036097
-0.0078802941005213043,-0.70067164900690615,1.4223791914442789
-0.0064900385483738568,-0.70055969109240057,-0.54881894935746312
-0.00073666876631570946,-0.70006660285231681,1.857853923007498
0.011570211212902769,-0.69885033246128825,-0.80397013974188125
0.023387029576561181,-0.69747416209157975,1.0931699878345151
0.02863534238375174,-0.69679709375646437,1.1512239896034697
0.036850488170521986,-0.69565548180811465,-1.240925218364251
0.038280850354645457,-0.69544647154972283,-0.39268369373013678
0.040273023991140473,-0.69515029107737603,-0.65455036581764059
0.043134815903988495,-0.69471446407386306,1.8331976458425872
0.060596948899102387,-0.69178884273770624,0.47325110854243979
0.06181782066908692,-0.69156707563086717,-0.077079314610101868
0.064418070901856278,-0.6910871991592622,0.033635951096231409
0.07537799661378497,-0.68895107187223903,1.0074644405532553
0.08016090224070456,-0.68796102414141369,1.4638872755640007
0.087413289756283097,-0.68639220764667452,-1.6144026935916762
0.088607230998524744,-0.68612609048606377,-0.51490645468675611
0.088657086623149056,-0.68611492977725019,-0.88442724749607438
0.09907155875973514,-0.68369808704908452,-1.7163610379993752
0.10289479863096195,-0.68276792012312493,1.6604204220319767
0.10411158397618603,-0.68246701883363459,1.5343147083855611
0.10527959714333161,-0.68217596259849478,-1.081963335508707
0.11013247987611319,-0.68094336142501199,0.00062647406942328843
0.12022775149306469,-0.67825796543821892,0.22155992212541475
0.12411397440668544,-0.67718017900920746,-0.20902079125706097
0.12456200927035105,-0.67705433909116597,0.57440676051605255
0.12640340864411426,-0.676533694782809,1.9883402338685157
0.13158240502416144,-0.67503951355269975,-0.18136367405013454
0.13983270669156306,-0.67256758523706961,-0.38041217791318793
0.14064447530707264,-0.67231823703597426,-0.93049068243836652
0.15556202145020445,-0.66753811327072787,-1.3951854323418837
0.15719588984498065,-0.66699153310552395,1.3267326510253143
0.1576867170551649,-0.66682643953394027,1.0947986638401788
0.16186595042500893,-0.6654038832773449,1.5633192241104448
0.16467546818911377,-0.66443054697578063,1.8765724639630261
0.16709314623434113,-0.66358194999130093,0.091142858533943549
0.17250116831795381,-0.66164664480381952,0.025645391753684521
0.17946493634695143,-0.65907837835567473,-0.088312602951882813
0.18149560874626988,-0.65831315257272216,-1.8931016560059053
0.19091320386982819,-0.654666889325764,-1.1220477075927624
0.193174663628564,-0.65376723092713052,-1.5525083560344255
0.20287388766690237,-0.64980136557705426,1.154969310169411
0.21715576331296471,-0.64363895336050403,-1.1327155512653078
0.22027305145271484,-0.64224174458626482,-0.29496496296872587
0.22051059441759568,-0.64213449822092361,1.7457901239161377
0.22592482685506257,-0.63966004594048886,0.49928501757572796
0.23194107745766246,-0.6368423471707737,0.39906589982983665
0.23208982002191184,-0.63677176713914219,-1.2176574072146797
0.23786112032100512,-0.63399872266872903,1.3993806613165694
0.24077389568573063,-0.63257343606280469,-0.9842468585028934
0.24299402352414121,-0.6314753766015222,1.0173763434695591
0.25031796487984065,-0.62778044711255587,1.9156363460529326
0.25177834150706169,-0.62703023918148904,0.92855799797862737
0.27579867375962214,-0.61402922795147918,-0.43027274370223711
0.27587742120149461,-0.61398450324442466,0.57814628967632098
0.28897247009461174,-0.60634867831031902,0.84523999759398327
0.2947574200313009,-0.60284719024078615,-0.73631976773941332
0.29814654017719133,-0.60075842940900692,-1.2337344169114846
0.29841885382011879,-0.60058938628100578,1.613377974983996
0.32523667007715062,-0.58302555786644084,-0.69202759527739888
0.32562015178606868,-0.58276079502367117,1.1949602196393507
0.33628997285689316,-0.57523260136406562,1.1056203898248311
0.33658805202686398,-0.57501774078452805,0.28528069936149558
0.33840921992795725,-0.57369954719399829,-1.5444184588404473
0.33971506692099673,-0.57274854250599372,0.22882702541583777
0.3460306997128178,-0.56807966656947551,-0.56556317819686885
0.34645845475619746,-0.56775923738534584,-0.61528298987032937
0.34971199197293185,-0.56530429705843588,-1.1254431014105433
0.35195887591774577,-0.563590462652652,-0.25221352151998566
0.35374633455712706,-0.56221617001817825,1.6001876715647265
0.35580242332743484,-0.56062329496406094,1.6174133979909371
0.35840893714738964,-0.55858528983624844,1.808903217954549
0.36380528274512219,-0.55429840051598323,1.6736357176265311
0.37465739427221567,-0.54539306348507921,1.8269805289705681
0.37647855822383913,-0.54386024593323801,0.28511327418282395
0.38071358629388585,-0.54025187837746036,1.7862682336768181
0.38894177785870648,-0.53306125729370524,-0.11754635444151651
0.3913011002565922,-0.53095440720845233,1.9010934689814838
0.3965857483864117,-0.52616023583827498,-0.86583901567617749
0.39754323369950001,-0.52528032870303176,-0.40303512732455804
0.40026289597178744,-0.52276179958185964,-1.7069698903620174
0.40781210105361637,-0.51561848009166256,0.40612598615803508
0.41108844181813942,-0.51244658507302343,-0.6224992724605598
0.41125534776291162,-0.51228381090901021,-1.7409628267229564
0.41832086496331933,-0.50528504189103596,0.12179135838732957
0.42466726197745319,-0.49881289169276199,0.90423841515657921
0.43724403686355312,-0.48543517925902385,-1.8833629252770123
0.43750862478367369,-0.4851454896359868,1.1196352326073202
0.43788501292866155,-0.48473278760870259,-1.5033681054812629
0.44875164349569863,-0.47250159085760607,0.10604960452944656
0.44940888533022255,-0.47174158005836603,1.7362473206161519
0.4495282260194492,-0.47160332317105003,-0.88055066397052162
0.44962673856424124,-0.47148913647423196,-0.31755671038254896
0.4505910628568961,-0.47036853710623894,1.2022290701089364
0.45268297086945775,-0.46791972653612396,0.4630736559544304
0.45526729101271618,-0.46486011497189672,0.65845670704279513
0.45600973955047619,-0.46397398253043631,-0.60260164304923514
0.45863713028364506,-0.46081208171676213,0.02203324465181522
0.45930975089633524,-0.45999601757825143,-1.27357941550139
0.4625932228323863,-0.45597286412219035,-0.26690874141002752
0.46264233584250619,-0.45591218403794126,-1.420203053626246
0.4643450743230953,-0.45379910242768623,-0.48562763849906831
0.4712822871977142,-0.44499763851882462,-1.3758355121030408
0.47214345847489575,-0.44388280350984666,0.038047646971809179
0.47378091416310675,-0.44174904516353358,-1.6070752999679052
0.47798460854935615,-0.43618538566081771,-1.6097753224861315
0.47825854169172838,-0.43581844987206392,-1.2781975106248078
0.48199520196217949,-0.43075805077138157,-0.076160207505199917
0.48238125346296451,-0.43022929069823018,1.0305357048579831
0.49885364208973937,-0.40654410660878915,1.5606331630514982
0.50163844457041518,-0.40230496530556659,-0.60611253724418468
0.50635270801850185,-0.39495722939084615,1.636625338644266
0.51133643581254229,-0.38694103090598247,-0.13423229501449851
0.51659315602049904,-0.37818801492707965,1.9385590886586979
0.52653665370922476,-0.36070068770469599,-1.8017601760224022
0.54726693695642636,-0.3193476993718305,-0.92867988499421683
0.55673217566446309,-0.29752209230984022,0.21751203463336388
0.55702650018375455,-0.29680538760647884,-1.2413734686489768
0.55709262604492893,-0.29664401873828428,1.5155536561778038
0.55796371766678898,-0.29450623292052613,-0.13280588164026197
0.56117295864873451,-0.28642841280332393,1.5093317991150133
0.56629336035811828,-0.2728094391046989,0.41362249662250816
0.56653550353888127,-0.27214076411752952,1.1405125938913465
0.56670879096559901,-0.27166076962195884,0.4115202793767434
0.56734085021178826,-0.26989951365435111,-1.8243572073855776
0.56767126696342951,-0.26897213856155333,0.37262740920566984
0.56864687479247988,-0.26620653348909823,-1.62640864572802
0.56985411012162701,-0.26272567058356683,0.43403796230511826
0.57003526733015364,-0.26219754561755976,0.42649739742046577
0.57081236939915359,-0.25991438796433231,-0.75794686807037692
0.57358589912817914,-0.25151810387615359,1.5550742331819953
0.57366309643566837,-0.25127855279986788,1.5650475211933017
0.57659687350156119,-0.24191634026577061,-0.83462747432111506
0.57762251703619472,-0.23851580691393229,1.6803092645960254
0.57909494665404349,-0.23350637302837834,-0.84862602400541665
0.5814508190870884,-0.2251465440460893,-1.2398220896086012
0.58179439870670469,-0.22388865993616272,1.2740028564097314
0.58242272769620307,-0.22156086875385816,-1.6767656777967317
0.58308022784392544,-0.21908559678915043,1.0197635718034834
0.58416482275981785,-0.21490920108872386,-1.1301217012767273
0.5845460578675028,-0.21341212482882599,-0.67520039584648917
0.58706288338694723,-0.2031066480372028,-1.9865330590201928
0.5886161676077466,-0.19633031748108995,-1.7567001538342271
0.58911744577213843,-0.19406550575790235,0.22271458379205633
0.59033158045743728,-0.18840384988862025,0.89649640034349609
0.59162011147722404,-0.18209034794302734,0.70626502622020304
0.591886152587076,-0.18074324101637712,-1.5664219040197147
0.59216385615963418,-0.17931991981201204,-1.4098046336882568
0.59423690414347186,-0.16806898559250122,-1.6252162457041917
0.5955042943987191,-0.16053614317600967,1.4736436524933709
0.59570063154659614,-0.15931531545884323,0.53999291143147543
0.59727938721941931,-0.14885685150558173,0.071169854611222494
0.59769152091078137,-0.14590579666642547,-1.8302401012356486
0.59793163716643793,-0.14413619918198628,1.2785450454402638
0.59805356449699343,-0.14322245570330092,-1.1560781503188311
0.59907150083137117,-0.1351368794549308,-1.7413744656778856
0.59926508203519313,-0.1334929419615333,1.0174566381832002
0.59929374305656358,-0.13324623624809839,-0.85739914919173366
0.59949027377755393,-0.13153034961244719,0.97386090200262254
0.60080990042165372,-0.11863819858566019,-1.5727488427287031
0.6015347801358556,-0.11006036942713131,-0.013780141314972294
0.60196772433293466,-0.10408313699504587,1.984202720363589
0.60275372980848274,-0.090002356202459374,0.88847156010143902
0.60281558948615532,-0.088563043935968186,0.93514982837217575
0.60292939925836697,-0.085674377741830621,1.8912898974796577
0.60302541107566809,-0.082909250407052507,-1.1393419685437771
0.60312004350423609,-0.079734683283073066,0.69742414778022033
0.6032003003002947,-0.076454969319892971,0.36461511287299064
0.60322797530009198,-0.075114684840053597,-1.214349543047113
0.60333054896829352,-0.067236215305410185,-0.34383777777109659
0.60334074418169137,-0.061561103169226826,1.0884685825227214
0.60334046218624593,-0.061466609068961862,0.60450412690332467
0.60330943460929254,-0.056923454371299177,1.8607243218891285
0.60327289901389114,-0.054100126031324289,1.9296595588673848
0.60324165982178612,-0.052243500738184366,-0.6999128367723495
0.60313434245533493,-0.047443274309666307,-0.71321878143542605
0.60312612177297686,-0.047134279380337464,-1.2158505935665755
0.60308832190320028,-0.045783578133682452,-1.7644700782284786
0.60297571610295086,-0.042268560978722496,-0.73294653823148126
0.60290975096418131,-0.040459833952807778,1.3890728571929567
0.6028451229838786,-0.038817353857877407,0.21277345138286119
0.60274482757113335,-0.036467348369739659,-0.11795496316030007
0.6024568431233448,-0.030649723040128946,-0.23253920110017834
0.60241273885451285,-0.029848388344661584,-1.5387895244809737
0.60241232597344863,-0.029840977839771101,1.0038443984418923
0.60182068674972977,-0.020528429561349731,-0.49817127664694638
0.6016872627421842,-0.018698027327536303,-1.2004059400504623
0.60049701177405501,-0.0048748533695364823,-0.68026476143840453
0.60042131601885984,-0.0041060778142653041,0.54989315568474861
0.60030838713447277,-0.0029776339147835483,-0.92216501192772338
0.59990250368689002,0.00091219717034356793,1.3435020613227637
0.59924197652757794,0.0067749770669487891,-1.5170621517104355
0.59876910709750308,0.010682101044757239,0.74478734173121941
0.59874177890676705,0.010901483072303403,0.76563736662707882
0.59847162738646198,0.013035514149466987,0.98389507033268719
0.59826555935033043,0.014623156342890145,1.3498462604195285
0.59824111131251834,0.014809323248670642,1.3621232181615524
0.59772647170620619,0.018627724586417909,-1.9667763406746923
0.59729061201002687,0.021724239869391426,1.0235167794899693
0.59701693188254823,0.023610671895446689,-1.4592436873377728
0.59674390099202812,0.025451539930780431,1.5410542070144646
0.59662740896042366,0.026225105922442506,-1.2093247341349187
0.59608392328755788,0.029746574997348018,-1.2824748754987714
0.59591678631748346,0.030802187864116586,-0.90674281894390019
0.59473426694418796,0.037946457080911621,0.056111232016033519
0.59432658480723921,0.040291227134301021,0.57617878013685875
0.5939717765101169,0.042287852716460413,-0.43219604714088389
0.59391897851272901,0.042581614329147754,-0.94192116543322379
0.59351345705475733,0.044810164306398219,0.34026438754932187
0.59344725053932834,0.045169469092851654,-0.36542066893934555
0.59293933461199133,0.04788563614622611,-0.29960098081683295
0.59191316376023617,0.053171493514353609,-0.14719260260594424
0.58981481157347193,0.063262087472179152,1.3981883425596364
0.58873250897597051,0.068147816424841856,0.01501355251416614
0.58504577889594378,0.083501640344570721,0.99864299396287004
0.58491908765611633,0.083998807928536104,1.2296907765694818
0.58357082203195043,0.089181414145429003,0.58228929551606168
0.58293328237473452,0.091566714301842475,0.19741254153487198
0.5794657286214101,0.10389431959557352,0.06149017680109603
0.57612203228620729,0.11489973097364842,1.2490054631297873
0.57094962414913286,0.13056386730952571,-0.83818026734379503
0.56917874440756122,0.13560734074477848,-1.5238713127427785
0.56910553781381346,0.13581268801766336,-0.59611507646565265
0.56714869028238091,0.14121400935461276,-0.53927430067318216
0.56705127896947749,0.14147859473418151,1.6567230551622973
0.56642066799338631,0.14318194651025645,-0.59477377038652479
0.5639183497596213,0.14978550531770524,0.95499096758399871
0.56330758186071461,0.15136134213130362,-1.3376293762435507
0.55885862823723709,0.16245100092736897,-0.51783411884516406
0.55788749740638766,0.16478673768250729,1.1486798424643467
0.55346826570807606,0.17506971166732496,-1.671976016777502
0.55128654348424855,0.17995228138445146,0.50132985371020666
0.54909939799017815,0.18472860230883928,0.61420417459564725
0.54414243199890766,0.19514947369259247,-0.57005316050664545
0.54306948804831623,0.19733618233142691,-1.2834072134416799
0.5413218416803236,0.20084866253499181,-0.49682147472128646
0.54008941197697136,0.20329003841446699,0.70716522095355749
0.53906151720740103,0.20530439025588934,-1.7623769527592001
0.53839588245083092,0.20659845100165652,-0.013119782542930114
0.53737329730377847,0.20857088137122803,-1.6543747152202015
0.53601865795089632,0.21115536661041956,-0.29450224863471997
0.53353275844911086,0.21581667306891636,1.5082671168161554
0.53260762522749183,0.21752531999127073,-0.3163106965870921
0.53215878797282612,0.2183493224319781,1.7862624407398981
0.5312061246069868,0.22008769507431677,-1.7743361194490976
0.52943958639055,0.22327387864703191,1.5278599336636294
0.52353601012857154,0.23358843432975401,0.071904111162513384
0.52272031692989274,0.23497526885031705,-0.75293796884300024
0.52089640325907494,0.23804425847948829,1.140521881835916
0.52068277303455057,0.23840087332931564,-1.7137247523604686
0.51973543655812382,0.23997519426147776,0.50035831192824043
0.51624170591440444,0.24568388536144273,1.7439906777148857
0.51534237462009935,0.2471292955789916,-0.29936255405867218
0.51260043700207636,0.25147753643552001,1.6438048680316095
0.51221615186328284,0.2520800373804386,1.6014613269066906
0.51148761644872887,0.25321769817397771,1.0039389568663557
0.50532030475804235,0.26261688493038537,-0.88910332121402691
0.50506931706347835,0.2629909243468031,-1.0570432589294487
0.50003300910595849,0.27036354306604821,1.1860130555120891
0.49748767338698724,0.27399665974137477,0.84922621571624157
0.49560235315331624,0.27664906769927555,-0.99952839311621711
0.49140414514958103,0.28244148309256151,0.9921686915640886
0.48485296725821997,0.29118167955045343,-1.8912664908323094
0.47771825307575189,0.30031349790701034,-0.22325197178514467
0.47622305953697441,0.30217885118981974,0.10280715093335457
0.47362867271623899,0.30537728531735636,1.7150691353260292
0.47146327967662938,0.30801047729586734,-1.6440919283600697
0.46991336884928692,0.30987532582417038,0.12247980051599638
0.46744737064755543,0.31280887302939103,0.56581991859008163
0.45519605104107475,0.32680251502152113,1.4006635471060171
0.45363251453903214,0.32852219842024577,-1.4653343090863729
0.45091231189971792,0.33148002272491189,0.74433268166350786
0.44640617375544717,0.33628695519417123,1.148947747906734
0.44401177809795489,0.33879528810524967,-1.924791583807635
0.44208991228199968,0.34078609746979943,0.037329479197281579
0.44193311898752091,0.34094764134097749,-0.72438646403335882
0.44167152959827066,0.34121686469494239,-0.77644330484837853
0.42808557463429908,0.35471488775336663,-0.39437167012324048
0.42725491362310286,0.35551041856293258,-0.12998970255991393
0.4241566688664255,0.3584486162963435,-1.5640968092060037
0.42008516456786982,0.36224145657773099,-1.5733971833400742
0.41209390244209249,0.36946746895367616,0.6214774612050209
0.40951308177378759,0.37174125348264442,1.2921507621197472
0.4030187965662444,0.37733799808473867,-0.11242250202053317
0.39969369465479504,0.38013602300270671,-1.5924629240543315
0.39742633893470419,0.38201834856646844,0.0079360625764688386
0.38855285902023229,0.38919052287890088,-0.11599207906586217
0.38528007739318965,0.39175963115676515,-0.26169901223542835
0.38295207944738846,0.3935627321114038,-1.718846497120381
0.37746682178940472,0.39773264504866268,1.7444513211140475
0.37635918329029949,0.39856148491888921,0.85851400270671618
0.37466333881782515,0.39982200417790636,0.07662815169343995
0.37338848957818582,0.40076289374557872,-0.37128137249924453
0.36853993707731958,0.40428940772276123,0.59121780296296755
0.36575408243049229,0.40627897953896969,-0.47282034092608827
0.36479014000812021,0.40696124690710511,0.70520239269197971
0.36441756510334378,0.40722410909120671,0.66732588563203832
0.36411635753908328,0.40743627724190756,-0.659480108606735
0.35870547548893256,0.41119599069093415,-0.69295082900333194
0.35835552038606661,0.41143581430100923,1.2285725400362648
0.35687613388963335,0.41244519838709409,-0.2932451364727644
0.35057351526931418,0.41666598303680691,1.9697657465678926
0.34489810150209799,0.4203586098044666,0.44970256247738938
0.34409963355672268,0.42087004175637049,0.70715061952671521
0.34063084277178529,0.42306902640587696,1.5772700583358685
0.32568432842957984,0.43212979117673617,0.76465644348520589
0.32320727163135726,0.43356809819715847,-1.3475811748665874
0.32294364460811581,0.4337201359226206,-0.11647342663963789
0.31734884050484297,0.43690011705749388,-1.6508270105247536
0.31576591114269886,0.43778379655035404,1.82358922407894
0.31312856645589582,0.43924057924226834,0.2690269528547109
0.30904132351541824,0.44146023321515993,-0.11276656457749779
0.30736360342347585,0.44235809659060821,-0.66268410484314177
0.30371990100533919,0.44428178330457946,-1.1927147893941874
0.2964126225179386,0.44803246387398243,0.68919468624647306
0.28613872148049097,0.45306891937953042,0.52445212105648409
0.27757151015042358,0.45706213254244277,-1.7043054917265157
0.27627010983644928,0.4576525787108735,1.6654705451177465
0.2738840157455813,0.45872420912897627,1.1058871152877638
0.27261089911552389,0.45929021562494976,-0.75860731396985903
0.26972594407190692,0.46055804407509543,-0.80537159170458494
0.26606131194706983,0.46213913831278969,-1.425245199185269
0.26366008581065931,0.46315744321264851,1.0250541563469286
0.26233543681426891,0.4637132349698122,-1.1705917910250729
0.25978337910113442,0.46477212666908208,-1.9719479277903957
0.25186270238650249,0.46795972928677426,-0.46971303076741044
0.24702964629225813,0.46983214000577134,1.4612378914962267
0.24669196739270902,0.46996092521932886,-1.1222136160867398
0.24382435116214227,0.47104392112213062,0.83013380074940191
0.23953476660943462,0.47262849799845646,-1.7044309909713116
0.22424863290389077,0.47793474157584509,-0.60153063826621267
0.2186170039456499,0.47975767332838948,-1.2873797990839235
0.21044873370460115,0.48227753592587613,1.0778100434536175
0.20557683733978541,0.48371120426882119,-0.37680162097692937
0.20460613411100731,0.48399071575819991,-0.84555572798447631
0.19970913705500096,0.48536984773856129,0.31397812010186055
0.19674887327149715,0.48617859698486049,1.0540988931545225
0.19002639903462834,0.48794585002077073,0.94678557585367562
0.18253064428998553,0.48980370791917072,1.524477857314003
0.17183454533301801,0.49225113415556432,-1.9200015865470785
0.16930257022711473,0.49279570678652768,-1.5261788382782489
0.166146165110996,0.49345604304386104,-1.0088642518736388
0.16323610609012632,0.49404666764435412,1.6940250125367791
0.15822840570313393,0.49502235256094851,1.5090367885480758
0.15702006611822072,0.49525009765585765,0.026153404528546975
0.15605462418509181,0.49542991951399878,-1.1193798609390884
0.153024066572953,0.49598204250159417,0.16964798791699387
0.15237514443045325,0.49609783582309425,-1.3720171760993778
0.15205267419249829,0.49615505869789434,0.50867767936991193
0.15045177775842083,0.49643601138216364,1.0623872630663187
0.14445843213426957,0.4974416683764743,1.1318255472383978
0.14197227590835571,0.49783750893264739,1.8199297369260585
0.13398502943208121,0.49902492028678658,1.3980618885238236
0.13249986697555194,0.4992315687175764,-0.97103113994006796
0.12188082255071267,0.50058041658101438,1.3755398251349829
0.11408906579251367,0.50142695840884632,-0.80230617864695786
0.10523906198176294,0.50224201333599461,-1.2634844576431679
0.10441459800025624,0.50231002652315482,0.96232305878728885
0.098281598405601217,0.50277366342822816,-0.44856617315357461
0.092770968200637904,0.5031266971658076,-1.7697656542118021
0.092492817898209692,0.50314292273506522,-0.64511153735085625
0.0897477238704181,0.50329484180978079,1.794789043600153
0.085237711730099322,0.50351206052929154,-0.38983285511443144
0.083323824868659024,0.50359207733047329,1.3016201245710923
0.081825885705719928,0.50364964810981694,1.8882903718519888
0.08064626523288955,0.50369186015977652,-1.2786824140629838
0.077332576161441555,0.50379570747871338,1.3071275907453868
0.071737220625091719,0.5039217280328524,-0.64033649747134902
0.066540071787177038,0.50398324115245607,-0.34371439612624588
0.061701362579336956,0.50399238465977569,0.96775548487034424
0.059220853058629654,0.50397906144370441,-0.073754387911393327
0.058463181627930495,0.50397255620718173,1.5316106207438454
0.057535598592776779,0.50396303963994338,-1.5364207804928363
0.053487735020799711,0.5039014963318923,-0.80649778218544999
0.04816603652271649,0.50377097512156177,-0.10501957731616285
0.042772523832815573,0.50358107780791239,0.35816422932222158
0.037751754266931489,0.50335205135721428,-1.7746866637494429
0.034533129559228271,0.50317866688361579,0.33781299307209567
0.030596398622664469,0.50293831678590073,0.26857788082451073
0.02758379136817693,0.50273332354477329,1.4913363911169228
0.024378570240522517,0.50249512740699098,-1.0962428365433206
0.024143918711895394,0.50247687412286635,0.733877487121537
0.014602494443500581,0.50164015454650579,-1.2363098147134841
0.011599995852595271,0.50133856842628521,-0.89549457916086705
0.0072549574390899972,0.50086952149484409,-1.353032236490614
0.0064830634975238458,0.50078215129957304,-1.1907275985456844
-4.1904298581781997e-05,0.49999466276606525,-0.84163182223005917
-0.0070090525217529655,0.49905673449119226,-0.078338661500469087
-0.01153154030989461,0.49839390287919572,-0.25382846338650999
-0.011610923557357281,0.49838188683576345,1.8738451058049934
-0.01493398428706592,0.49786704328704862,-0.14815662314425104
-0.027663720840572115,0.4956793737073571,-1.999330664701052
-0.028740849873513056,0.49547846605390061,1.9270169699277231
-0.030189622448904444,0.49520432429117101,1.7251854927566619
-0.030459535732927118,0.49515275345823723,-0.3846870958593156
-0.033176718000686133,0.49462488374417274,0.76719495447776076
-0.042735016472789267,0.49264123404657001,-1.2272139094896679
-0.045013698584859652,0.4921389764932726,0.42545288116950797
-0.045517702452167193,0.49202634935311734,-1.7475908326729539
-0.047592950633770982,0.49155672358309987,-0.41443156916777957
-0.057505202656917914,0.48918210350675073,0.12871373610003234
-0.058222955520866738,0.48900164877052343,1.8231301825676933
-0.058410866336110673,0.48895421393559674,0.89056961447164307
-0.063908390230518225,0.48753123801125448,-1.7963700443567543
-0.06585621210075368,0.48701064266146171,-1.9909551275633612
-0.069733569532741957,0.48594857184226614,1.9964739881904743
-0.073525888305511114,0.48487639505911523,-0.87858330183559596
-0.08391178911231556,0.48176879813312268,-0.94475687989341051
-0.090341266660055444,0.47971734111642683,-1.0688936383036651
-0.093981804337805994,0.47851176890579877,1.9612670977913114
-0.10062521624283324,0.47622869394434764,0.073159644674712254
-0.10475495641887243,0.47475469086086486,-0.78957890259086438
-0.10627873191203763,0.47420009812439984,-1.9286295342784068
-0.10729937565264835,0.47382537383817225,1.6858843771343937
-0.10851240888082246,0.47337661099274941,-1.917102894095736
-0.11006196150136423,0.47279795626952453,1.6740671954783584
-0.11135534765476252,0.47231031012474772,-0.98360734536556071
-0.11306211467180151,0.47166030008722537,1.5517005738056371
-0.1185295798297679,0.46952780873482081,1.4747927182984246
-0.12029721975197825,0.46882184591317483,1.7814291849094825
-0.12146122298458784,0.46835251851735121,0.91511398829996704
-0.12283175854393254,0.46779537175135405,0.54979337259612437
-0.12345984673147199,0.46753839503325451,-0.21134442312291402
-0.13015454816103339,0.46473438408037743,-0.59963982287640194
-0.13635249134579261,0.46203106928163917,-0.9084585082790424
-0.1417482356394405,0.45959189462902011,1.0053437477277716
-0.14360147192002359,0.45873543247639509,-1.387350828787159
-0.15361234805610471,0.45394026270948373,-0.43129419989513051
-0.17005417585528532,0.44542453628493217,0.60624041848501475
-0.17355052983663263,0.44350692724574753,0.79513612515219734
-0.18686759368967859,0.43584359115305216,0.27906326427101114
-0.19235414832736358,0.4325149808611799,0.21126929151535245
-0.19981784354845267,0.42781941862148309,0.61855402100886803
-0.20201975484107404,0.42639632599036981,-1.1899093043008055
-0.2031012415717576,0.42569093264871671,1.4260921205990207
-0.21308643081079107,0.41897319333140548,-1.1851116789488549
-0.21443558649346769,0.41803649766089551,-0.1469049300481573
-0.21617298788532191,0.41681981606677604,-1.7410167990278751
-0.23199191706129763,0.40518058160263121,1.0903218052111794
-0.23332995272859866,0.40414780767467884,1.5652249995930765
-0.23358782879360643,0.4039478654583335,-0.71906627181663385
-0.23875176292096109,0.39988198359371258,-0.63063001661157392
-0.2422022943446534,0.39709790936267936,1.8680578573920439
-0.24563640540439025,0.39427204049355341,-0.49919293505538587
-0.24677380128666149,0.3933237542305012,1.4990654371600707
-0.24732883924536728,0.39285874152703942,1.8421995386583161
-0.25025057942742868,0.39038619040284839,-0.15306148729148195
-0.25167024281436118,0.38916960763280756,1.3058511505043233
-0.25211547742154861,0.38878599295556754,-0.63890197973063501
-0.25803798609597234,0.38358717083957011,-0.22865440421152439
-0.26441319439395189,0.37778438034323919,-1.2236453777920526
-0.26535097198864299,0.37691205437202813,1.5433642103492282
-0.26693559358116353,0.37542681911553932,1.5179552976355284
-0.27071427507876045,0.37182721249673789,-0.62021336421776052
-0.27161949093071458,0.37095254630394336,0.84619860669950819
-0.27602213349403082,0.36662848064958237,1.8776752016379286
-0.28792247309827407,0.35432555416245665,-1.2654221563407404
-0.28871249869017063,0.35347512770288769,-1.5148671472067115
-0.2925885362880587,0.34923832057330645,1.5222103414300214
-0.29346384512962981,0.34826641477050274,-1.0374608757073656
-0.29410931205451518,0.34754607183886577,-0.31440497012820501
-0.29483094286548045,0.34673703582126664,1.8221936174260778
-0.29505119414742381,0.3464893257365253,0.36932065543154602
-0.3003788762440821,0.34038326912227868,-0.13670365691465625
-0.31389558113777338,0.32382490864161778,1.363620760777088
-0.31424552704167807,0.32337409639087228,-1.8670953659961325
-0.31560116594827892,0.32161640641897604,-1.6706462022229114
-0.31691349696355536,0.3198974847102577,-1.8553601117104725
-0.31709065610447529,0.31966410868047679,0.80013258315023972
-0.31808780206121806,0.31834457276001066,-0.089777268123929943
-0.31813507041816602,0.31828176861523477,-1.6591285063173107
-0.32348886565852303,0.31101489243102781,-1.9005038489115056
-0.32351180159064874,0.3109830872306435,0.85665667059647088
-0.33166928573664739,0.29927796347769808,1.0696546253559016
-0.33436049397456613,0.29523289548659631,1.4229956007309301
-0.33504113501247712,0.29419437427910516,0.41848280595677068
-0.33604827484987654,0.29264589459027818,1.9599251630406824
-0.3372316531746945,0.29080812871093309,1.8985546649848386
-0.3384994264575098,0.28881682249781149,-0.38125846445130351
-0.33858531891107957,0.28868105463169713,-1.6764301084525726
-0.34028867005501223,0.28596570644738961,1.7394093432443065
-0.34154323300426048,0.28393728281298486,1.9184949385068588
-0.34537045851767806,0.2775923477205533,1.1636657902609566
-0.34609018459579505,0.27637157579150212,-1.4270679616140134
-0.34621734292834461,0.27615495409949531,-0.89080479691338654
-0.34630026925667579,0.27601353094629616,-1.4099297591497741
-0.34657837756324611,0.27553835622656297,-0.76578449997702824
-0.3472550180556892,0.27437649782495738,-1.2852070459464717
-0.34740445399292447,0.27411879249168397,-1.3873090580833156
-0.34785370429553064,0.27334160972137461,1.0221926456362613
-0.34932036415139328,0.2707784125736582,0.60344832073106369
-0.35255701052673527,0.26497514155056129,-0.41461420369194046
-0.35397072230719306,0.26237354395399143,0.3545922696708188
-0.35767740066136194,0.2553441071323902,-1.2766593711114842
-0.3621604703648813,0.24639973477723262,1.0568128833673054
-0.36404553815882029,0.24247812709251398,-1.8649703462792364
-0.36546631301957833,0.23945391814045949,-0.62484206732592007
-0.3669748903520812,0.23617460522158687,-1.219379329054969
-0.36716594392214075,0.23575409114343782,-1.3112498240992836
-0.3681795274013473,0.23350291437078471,-1.3168163238072035
-0.36832917079356325,0.23316761755940396,0.31143003488259779
-0.36900975728800628,0.23163290218336974,-0.93378078005201237
-0.36951712458359043,0.23047819021006566,1.89691353647203
-0.37196832358009713,0.22476543724622416,-1.4194592020674701
-0.37303840779977027,0.22219775531821045,-1.0069642913305916
-0.37450527030599401,0.21859964246663272,1.0247162027531087
-0.37478922998268976,0.21789217942867262,-0.11352375129876213
-0.37532416148215375,0.21654945787997745,1.9683881663912377
-0.37667491262442621,0.21309882585382373,0.70934636331654444
-0.3797361550471493,0.20493125655670288,0.52897221057667565
-0.37996185869535004,0.2043083437663088,-1.2546628269508093
-0.38127097620721612,0.20063414763541962,-0.81217105074775464
-0.38157094012797876,0.19977701219734073,-0.74436005218887713
-0.38183062816763763,0.1990301939012997,1.6924584048540297
-0.38243113076175156,0.19728588105591813,0.94844707326110944
-0.38546014389202826,0.18808403608142879,0.79378340578560058
-0.38678716658124146,0.18381431319006022,0.51209953447863121
-0.38724116411330051,0.18231600922945185,1.5224155732431215
-0.38743564009113129,0.18166801608759445,1.7290414960393146
-0.38905034988602744,0.17613525008922384,-1.7296250885117339
-0.39017825466278422,0.17209407925421952,1.0126797849663474
-0.39081913350624981,0.16972599298959765,-0.018804025409245639
-0.39171317434048208,0.16632723572860533,0.2397800681840736
-0.39195398466225562,0.16539157956375897,-0.53838612191225899
-0.39200588248343554,0.16518876054156192,-1.5644762180791867
-0.39279297752449516,0.1620596118281756,1.4160287632808699
-0.39285143516787913,0.16182308897680148,1.6406558743221606
-0.39286820557145108,0.16175512616607038,-1.1046493830234025
-0.39287358924323323,0.16173329827269037,-1.0708971284672821
-0.39306883716421842,0.16093825226839478,0.81583952666086557
-0.39373481885545847,0.15817444470054812,1.6179496120023544
-0.3942888619523599,0.15581010435306353,1.4303672629957602
-0.3944995025930837,0.15489468532675477,-1.7468869297887135
-0.395089383655228,0.1522795144020502,-1.7484964096813513
-0.3951474801459795,0.15201766066959665,1.8064386842612645
-0.39552748609014604,0.15028492241031602,-1.1773123134677896
-0.39678564216735085,0.14427709746419495,1.6527883515856692
-0.39870787005643887,0.13410008154008171,0.95150081657763375
-0.39895499514008004,0.13268188527365329,-0.59035979263953209
-0.39981942026349121,0.12747251286798925,-0.20423427389726934
-0.40086351278414994,0.12054724789153622,1.6587178654746166
-0.40167273153191957,0.11453818404762854,-1.0601026867907062
-0.4018268421727178,0.11331204683170809,-0.52339302670219734
-0.40191407802041185,0.11260449185194414,-0.13085055319077643
-0.40277727995128099,0.10496308134529583,-0.16994141040957533
-0.40289920325528439,0.10376832226875386,-0.16981920617620938
-0.4029547844685199,0.10321188672219252,0.69984904525196434
-0.40360075757665231,0.096065730455521275,0.74807177385118928
-0.40379822568333251,0.093550139195807958,-1.1428746182558185
-0.40388725176623735,0.092345798567992729,0.23413658800355375
-0.40424442438479563,0.086914411090574822,-0.78186945853769929
-0.40438661954980193,0.084373394307466515,0.96074190759050593
-0.40474318306435314,0.075989851963349647,-1.6834168843911987
-0.4048606082546336,0.071615367412765238,1.8478699487981673
-0.40488233585701955,0.070536128751528593,1.6794135373923993
-0.40489811703843315,0.056175843433737153,-0.84576496080746377
-0.4048777970522755,0.055049001001744105,-0.063460841022997982
-0.4047750727632809,0.05087369289293843,-1.295101478566381
-0.40464929886125722,0.047210330429264535,-0.093781405002259621
-0.40460533576027019,0.046118002807017451,0.13355338455424492
-0.40452981094758406,0.044392006813871995,-1.316267680976746
-0.40440517288510236,0.041852348931337782,-0.93322868673696346
-0.40428846882684477,0.039726743697255255,1.6255946403668156
-0.40337835789994869,0.027290314938361017,-1.1297929526680659
-0.40323998100181457,0.025766200833632028,-1.9910887927885352
-0.40263300161799292,0.019721010598093697,1.0098264025051487
-0.40260674778247441,0.019478856197633159,0.42819975340230165
-0.40217741726371253,0.015698336281107325,-0.60978835100687245
-0.4019042116035596,0.013446060799745687,-0.76351655495024007
-0.40159828141992093,0.011042759740416389,1.1096557926699648
-0.40140776668953759,0.009602283931807341,-1.5589565341224914
-0.40085506602708282,0.005633651442040425,1.4095038930913879
-0.4004884608170417,0.003150875937175582,0.091059399057005663
-0.40043627420467409,0.0028060690577323593,0.54560346961428019
-0.40018917500933748,0.001200506644185676,-0.27005384533076748
-0.40016362543800627,0.0010369570371551986,-0.7688349999556281
-0.3995585554450703,-0.002712857116672011,0.76402755303379033
-0.3987035386793461,-0.0076596895132733005,0.5283015709093597
-0.39655310272925998,-0.018730799492761085,-1.619959709250923
-0.39592114657659344,-0.02169473548093059,1.4473055045425105
-0.39478435934895489,-0.026764689007570688,-1.5510628125074568
-0.39424802244558815,-0.029053049406276173,-1.4693357457082974
-0.39398773293289818,-0.030141823518062608,-0.97125148429528485
-0.39389748421221638,-0.030516137181874715,-0.43993392218674954
-0.39338779518483674,-0.032600425766762649,-1.4089643628641464
-0.39328096738093038,-0.033031079940858792,0.97973051238339925
-0.39113032499528333,-0.041292165661505668,0.3133611248208692
-0.39024387265567689,-0.044495965101349413,-1.242630544340666
-0.38919256945451985,-0.04816389751383221,-0.084231358866013739
-0.38890229311632046,-0.049153251365116168,1.4634430254480937
-0.38854261928460337,-0.050365814110508444,1.4065115933466634
-0.38831675747102234,-0.051119919735030057,0.70500104169859812
-0.3881092956365938,-0.051807719174396659,0.48849966688043622
-0.38713577993159343,-0.054975375548218026,0.74668525844223677
-0.38572399686930814,-0.059405848251222346,0.4255520452338506
-0.38495003373350661,-0.061759286516714966,0.56576310404580887
-0.3841633005036425,-0.064100756817258228,0.1250793818199929
-0.38251021697344001,-0.068865920618338655,1.4116559918767893
-0.38211002658444476,-0.069989943950693773,-1.3539734394315777
-0.3811826790105648,-0.072553086785172985,-0.27799184846477942
-0.37768837223401569,-0.081737598464529493,-1.3996128747729495
-0.37497294115729529,-0.088421986056747642,0.47087248131817461
-0.37397882664530441,-0.09078176287296405,-0.35726200388627882
-0.37210119299650746,-0.095121909946106462,-1.745232622052824
-0.37190442339884983,-0.09556829589499162,0.083321276464798366
-0.36993279323662015,-0.099957640862587516,1.6984455369326672
-0.36991503921611329,-0.09999649726832642,1.4580142269093042
-0.36976696551896326,-0.10032011979492002,-1.7165309368869259
-0.36952735976242801,-0.10084209267028675,-0.63105592422798207
-0.36875416865747668,-0.10251237221416441,0.67505634104261603
-0.36509567791596392,-0.11014079295143123,-1.5024197594005591
-0.36504748420723265,-0.11023842065762213,-0.4624426524112093
-0.36097492933692726,-0.11824302937911532,-0.10517835888492577
-0.36056259385799339,-0.11902777885441009,-1.5639017652454172
-0.35748698423423902,-0.12474375311996685,1.5233467470700575
-0.35360351928505684,-0.13163914256666401,-1.691620925502058
-0.35162051381117926,-0.13503280327098657,1.3050619020622802
-0.35114857598791421,-0.13582849215437631,-0.77860935441653645
-0.3491566389416364,-0.13913809154045453,0.75135494223395938
-0.34408098413009486,-0.14723570208432191,-1.3127720864265049
-0.34118193378108252,-0.15166068650152234,0.62361657071090182
-0.33735214990662493,-0.15730176986650285,-0.22019087395947468
-0.32998578118781818,-0.16755640032851099,-0.052932523295843303
-0.32664605775247918,-0.171969878814212,1.6210621300660164
-0.32542821920033932,-0.17354517981921125,1.4855986456647221
-0.32351236655953608,-0.17598782039815158,-0.69034048193319997
-0.32180964637830428,-0.17812317727387861,1.3412160261444805
-0.32120596985571431,-0.17887238497392619,0.61810348371034918
-0.32054008301200926,-0.17969410488217979,0.34390801524543146
-0.30839583926087921,-0.19387118457701447,-0.20710265934984751
-0.30590518432729535,-0.19660229486599373,-1.109494247473592
-0.30147816140006917,-0.20132051831462855,-1.8115332199657774
-0.29914714124930936,-0.20373742736778641,1.5608201345381727
-0.2936556857619953,-0.20925596980025829,-0.66334847172477307
-0.29304269973467073,-0.2098571942418313,-1.8275891005622524
-0.29047804788871395,-0.2123414469852864,-1.3818690982300486
-0.29006611433840268,-0.21273583385581563,0.39484906555016908
-0.28885464973290426,-0.21388837289109583,0.18279518325153843
-0.28857245805060722,-0.2141552798823996,-0.76770170502733315
-0.28700345143526534,-0.21562867273031899,-1.3945974328079691
-0.28694466749468078,-0.21568352652031139,0.32204713637389348
-0.28607120982111989,-0.21649565130553303,-0.36766052432937579
-0.28595379839602952,-0.21660440032362679,1.161558149397143
-0.28476886144259461,-0.21769641087213407,0.14715170691010604
-0.28449367272933251,-0.21794859285584445,-0.23321943836388215
-0.28178622656573404,-0.22040142503185933,0.040332323297271433
-0.28079238148738228,-0.22128909703474453,-1.7496417221329605
-0.27881563715863811,-0.22303473888881131,-0.86286902734816673
-0.27811624157082931,-0.22364608897437466,0.74303434475923291
-0.277203243421552,-0.22443926774132247,-1.6162018050514786
-0.27528984576920906,-0.22608380577848505,1.8232936587178248
-0.26499050126126605,-0.23453857149790372,0.63468747470049314
-0.25958815463348434,-0.23871822660258604,0.74060033915301515
-0.25857038008536054,-0.2394868577698569,-0.51619542380872696
-0.25853218985296261,-0.23951558522891561,1.5512146765977493
-0.25817140310603359,-0.2397865704354257,-0.35439669075138225
-0.25762682397379277,-0.24019421445488184,1.527150963889766
-0.25508065434305321,-0.24207819919192303,1.6284694636005077
-0.25503849156498237,-0.24210909462055971,0.71964401980320503
-0.25366598175272742,-0.24310949988624186,-0.57193789341197743
-0.25273768646581313,-0.24378030049879751,1.1789537699868591
-0.2490792293094764,-0.24637885028998893,-0.45187849361817545
-0.24503909936689247,-0.24916651946875118,-1.7385107303183194
-0.24073420072307,-0.25204467873689385,-0.036900976285776377
-0.23442994517083443,-0.256093146460393,1.5233652605864156
-0.23360091878231881,-0.25661115563550285,1.533109549826666
-0.23301457536070169,-0.25697553996600159,0.052703125430891173
-0.23020757084429894,-0.2586973401397083,1.9269950382434011
-0.22716507159809429,-0.26052183973035764,1.1216271845494279
-0.22524473195989736,-0.26165137325832105,0.53594108433501608
-0.22137737841227667,-0.26387518202388599,1.996139408567811
-0.21693941767602359,-0.26634467829285419,-0.91515373406179679
-0.21629830279684964,-0.26669425320421403,-0.81494872908158378
-0.21251084030713441,-0.2687229943969256,-0.62545127240323772
-0.21193964666708498,-0.2690235901965462,-1.8614298721162887
-0.21053851193847348,-0.26975505156403295,1.7453204396855591
-0.20951359855275933,-0.27028482411704235,1.9605887594017748
-0.20418620837282686,-0.27296746053929488,-0.3797710855942702
-0.20389950550163266,-0.27310848425107931,0.63172217064893932
-0.19996885959009397,-0.275007891913915,0.380425827633045
-0.1987666704791913,-0.27557626417912445,1.9021612879907446
-0.19664875341676316,-0.27656340130318152,1.7926024931633968
-0.19457011409773117,-0.27751477389663415,-0.40854908179717953
-0.19435166332685394,-0.27761375818605255,-1.4558383873799712
-0.19302748213598561,-0.27820972483310041,1.7390611091124644
-0.19065650634551201,-0.27925955088444609,0.96007548453787095
-0.18872325145038871,-0.28009927814235686,1.9118660612253602
-0.1804241791032303,-0.28354036765813495,-0.57563682251108839
-0.18033888969260489,-0.28357436959626064,0.44971824058695953
-0.17786664791696583,-0.28454806840895902,1.2085499004040035
-0.17656523036902436,-0.2850514313945815,-1.607235910998086
-0.17486391762473724,-0.2856999474379352,-1.3789139131367292
-0.16682658294859742,-0.2886194385959876,-0.061426956662097076
-0.16445775435233778,-0.28943500367770864,-0.97790228899361553
-0.16236494448330033,-0.29013872957561082,1.9120425374305352
-0.16149466683594157,-0.29042674796025963,-1.9899832242474407
-0.16143002686045932,-0.2904480325679914,-1.1909778113134251
-0.15989874274199145,-0.29094789494559686,-0.11077295018961753
-0.15959005716461372,-0.2910476490649917,0.088364872531865757
-0.15748038019008448,-0.291720354050578,-1.2380515384007023
-0.15643287898076252,-0.29204851507784874,0.44275416208319562
-0.14028728498255597,-0.29662256756006372,-0.38380915033082363
-0.1380241011479818,-0.29719206398485976,1.8620182180439775
-0.13626637162417196,-0.29762236929681773,0.44375088705575605
-0.12514462506203622,-0.300103851089772,1.3083805624445275
-0.12352293698363655,-0.30043113738534438,-1.1329753258236552
-0.11783166009459972,-0.30151074783243947,-1.2384720037754513
-0.11704712997409132,-0.3016511751942566,-1.7163050015810124
-0.11354588104643511,-0.3022531800947903,-0.53137552221996476
-0.10745443724741208,-0.30320467282773383,0.033354706972712922
-0.1054478458043282,-0.30349153605753121,1.3172469569039613
-0.10444052980028785,-0.30363059010787397,1.9243075137237584
-0.099321606438711116,-0.30428616558126981,-0.75085035863635596
-0.098919846987568921,-0.30433401179378439,-0.74241079172074453
-0.098880730126413297,-0.30433864227188118,1.0449586692102057
-0.098054876893109336,-0.30443524288999119,-0.71067576031629853
-0.097515727458196477,-0.30449711258269274,-0.55713520592628907
-0.096540517598433809,-0.30460662495121837,-0.19954212881427358
-0.095265914961516526,-0.30474510528764004,-1.0297156985612186
-0.091929545776068461,-0.30508264587556427,-0.57140208160863137
-0.090817622148431004,-0.305187125096752,-1.2862664420215792
-0.090099012246589061,-0.30525251722688329,0.44937901824975057
-0.089179435901414791,-0.30533375782465499,-0.9739554808841806
-0.088328969275701955,-0.3054064559492109,-0.8342107232265783
-0.086605194930463605,-0.30554662273069005,-0.67680655003692713
-0.086345439344451075,-0.30556691067984793,1.9872817766508244
-0.084438494010875401,-0.30570916536002318,0.5293045329771191
-0.083454667059564294,-0.30577795569842942,-0.39014354191053835
-0.082615475501385205,-0.30583415790262775,-0.16876305988790641
-0.0794639092747121,-0.30602487596190259,0.4445386836523384
-0.079090492790637637,-0.30604534363250535,-0.07412328529315948
-0.073322146213808115,-0.30630417134449944,1.7589918956485735
-0.070774382677248643,-0.30638417165036397,-1.3270988288542895
-0.070656974984850671,-0.3063873510041929,1.8386075403171742
-0.069056928267279105,-0.30642622232619532,0.76558167874888561
-0.068903554156065916,-0.30642951205546465,-1.5528616182581176
-0.056880963930928168,-0.3064493036573403,0.3108187009906751
-0.056854515485869679,-0.30644882754714231,-1.0415419816628995
-0.055963514972530277,-0.30643145097844349,0.73077315838076551
-0.054411807012797873,-0.30639498393809189,0.87079707438319787
-0.051958365253320545,-0.30632121452028488,-0.81574510485274176
-0.051399818884271684,-0.30630165807896348,0.60099748588241564
-0.049990607272934272,-0.30624775750114946,-0.90721464880488378
-0.047586806718490943,-0.30614072032065404,-0.52670730048239767
-0.046112633216109311,-0.30606564451798551,-1.7322064176234311
-0.044829241747222248,-0.30599443321698749,1.8375424609536863
-0.04451657397425602,-0.30597625813440116,-1.9934821043506918
-0.041759773911121637,-0.30580197370445578,0.35794296862743424
-0.040259518976495122,-0.30569651419468352,-1.3375453474463921
-0.033470219676396684,-0.3051252472209447,-0.62400516032301345
-0.026783402144338633,-0.30441088366038799,0.0075029645338746676
-0.02456048317779868,-0.30413975744588767,-1.770190321340992
-0.015762074566171954,-0.3028999772737167,-1.8252590486235376
-0.0091529673608776625,-0.30179143144233589,0.13823543129359717
-0.0036526531452250729,-0.30075096350476521,-1.1712900685397334
-0.0036038594062064214,-0.30074124905399335,1.0709997476610802
-0.0016508715642650842,-0.30034538240790348,-1.675150391614356
-0.00025558640900746101,-0.30005411847069274,-0.40001766432621766
0.00023387608015429924,-0.2999502705576752,-1.966171999773199
0.0036541532047627973,-0.29920021708519146,0.92857209078905534
0.0087352098971799387,-0.2980064684313104,1.7537059668030945
0.0088339354682378801,-0.29798232405182568,1.9966787400114092
0.01293161712263759,-0.2969479287411354,-1.8162117059142062
0.013742341697635675,-0.29673576460182688,1.9317165521804398
0.015698425293942789,-0.29621356781379793,-0.29250104276595668
0.016063086224680841,-0.29611460180737315,0.68546897788450689
0.022944422430251563,-0.29415075542891955,0.031344610024321096
0.023316594085407434,-0.29403927711544259,-0.84992317052054034
0.026145768664645474,-0.29317393908049721,1.5649808366841924
0.026182190205173105,-0.2931625918936262,-1.3548357414179169
0.027754056601270977,-0.2926678245847073,-1.3371981651748288
0.032174790468664081,-0.29122295885592214,1.5187897607191547
0.039448414062628868,-0.2886708567098894,-0.49768536998499879
0.046713155326312587,-0.28589820791755688,-0.60220705540692787
0.053728611835163573,-0.2830005837340705,-1.2806635553950212
0.056868593123837075,-0.28163132459824447,-1.7588254763084543
0.060135976173382427,-0.28015775718853264,0.468000472791267
0.061107522173539458,-0.27970986127296443,1.014882376862194
0.062822241069501905,-0.27890832764949053,-0.64171133563469684
0.066246864365703581,-0.27726482693674626,0.60817650056166705
0.067601031563524788,-0.27659903312947187,0.74161225129159769
0.068791870606874542,-0.27600598560850931,-0.75111073379017679
0.069548739118424449,-0.27562535566832547,1.611711440240013
0.070004285330664176,-0.27539486579938272,1.1246730012033952
0.070392639283091946,-0.27519754177844435,0.57017148373181037
0.072654855905355337,-0.27403278545617987,0.5069845726475779
0.073974881849115146,-0.2733409446968364,0.94507687721423395
0.077601168238906199,-0.27139328832031484,-1.19107776501466
0.078547497802861854,-0.27087349391337157,-1.9461417750809238
0.081666004659491795,-0.26912613679775599,0.47565187290531563
0.082198186173272805,-0.2688226024576017,0.55788932524228541
0.083895322068505515,-0.26784407032601409,-1.0118091079320446
0.087992039874001921,-0.26541459414081964,1.8119662019915084
0.088992880233847896,-0.26480629822044488,-0.31572277377103131
0.089255721011020597,-0.2646455710926412,-1.5854513859856869
0.08994506952892771,-0.26422209378916889,-0.89975978834138326
0.091995390615832201,-0.26294579269547008,-1.3945734648479928
0.096010874679610073,-0.26037202089580258,1.4857505018374408
0.098327288648662539,-0.25884142878881039,1.0203649525687712
0.10218669052949961,-0.25621425280581417,-0.96852312185713352
0.11416084290190505,-0.24740977882645293,-1.6696354518836083
0.11508413091481444,-0.24668721307967476,1.7910231613380021
0.11649307610938754,-0.24557182199898367,-0.69238057374679096
0.1201630602935037,-0.2425922995434808,1.9603911374123606
0.12220423037677865,-0.24088730074934969,-1.5211453986449053
0.12257261620006289,-0.24057584326736836,0.97111484565034401
0.12317586194510954,-0.24006331402627754,1.1940412000906249
0.12511064682825651,-0.23839820405739789,1.8654121870010436
0.12563866139872945,-0.23793806838620593,-0.66912526721985133
0.12732878958214414,-0.23644840166989695,-1.9023352318659108
0.12802064157006166,-0.23583111194520004,-0.25903778065883687
0.12942601249396293,-0.23456353929981122,-1.3457318371347378
0.13040087422194307,-0.23367334039005513,-1.945064815770206
0.13311942339716273,-0.23114235423798937,-0.57699569440566556
0.13510961593849924,-0.22924278502422071,0.31157153747597155
0.13571347367214126,-0.22865839134144189,-1.9769515994073359
0.13978780424235027,-0.22461387261613885,-1.2105468377596771
0.14463914155466914,-0.21955386614496103,-0.93935100130663773
0.14464207767589615,-0.21955071881958857,1.0294381837347077
0.14477105070341229,-0.21941236372688702,-0.093528620910690474
0.14836719043824481,-0.21547012934394397,1.0968868337780555
0.14997522269788596,-0.21365257765473178,-0.13033397836243976
0.15033695213786549,-0.21323886796830205,0.46269362636220235
0.15050009121165894,-0.21305169419740796,-1.9974936553601732
0.15154718626331284,-0.21184147473424136,-1.3646109150329542
0.15627388891060087,-0.2061787056855087,1.9169586303758672
0.15685384891676446,-0.20546021606512929,0.62878148861503336
0.15833759078337609,-0.20359717097414246,0.93097399621907506
0.15986713225737204,-0.20163796940421738,-0.19058787592588455
0.16182024321268051,-0.19907660985927725,1.5866291853186909
0.16250458845058205,-0.19816271307190067,0.25090372889622969
0.16283099297402248,-0.19772373460759354,-1.0404721668173367
0.16416804084776043,-0.19590426174692768,1.4657975466173707
0.16840536667842745,-0.18989803171316935,-1.3545266535352392
0.16987059728073892,-0.1877296996122742,-1.1800636955974664
0.17071329516246497,-0.18645976164246514,1.3117565110451719
0.17175460774880943,-0.18486653193560473,1.2378382113097652
0.17208375667902373,-0.18435726572291844,-0.97496479606112851
0.17542070729081116,-0.17903138104849545,-0.71070765550448023
0.17575553862080923,-0.17847974030986866,-1.6464663345981241
0.17656678168118595,-0.17712936395333578,0.62036970345243159
0.1779430043894891,-0.17479210290284153,0.75488875022372781
0.18247201487809517,-0.16664363753957401,0.44610422705290986
0.18247653895570207,-0.16663511338068943,-0.21836165867471458
0.18327422908234642,-0.16511901349636013,-0.67011050450943621
0.1833642441320387,-0.16494626636809256,0.44153922603229434
0.18412278972242138,-0.16347674397833831,-1.7801515347622372
0.18423551057781032,-0.16325622727586256,0.57146645697907417
0.18465617720156641,-0.16242825654422954,-1.0959374629767269
0.18699034707975878,-0.15768194472613029,-1.183746640337267
0.18729050375644449,-0.15705171374848667,1.6693411395790774
0.18781490261951608,-0.1559390326618304,0.49567607831610871
0.18852513531084963,-0.15440768297219296,1.4729730261199192
0.18866043934518104,-0.15411267344698026,1.5073044460686424
0.19147979415323246,-0.1477049945518126,1.521219497933223
0.19180341126092187,-0.14693497417250687,1.026968676839461
0.19232099084941279,-0.14568718995353758,-1.0836273750350185
0.19281652505632324,-0.14447310780793668,1.2464621773386457
0.19513469826346644,-0.1385143111185434,1.683269256761843
0.19533750915883832,-0.13796894535610776,-0.78443600153930104
0.19647332444353147,-0.13483391155299862,1.0515341615769915
0.19681325103465616,-0.13386733308231158,0.23993997622184304
0.19758196820159568,-0.1316290994304336,0.8229007145724001
0.19821980567152062,-0.12971274983614733,-0.89965910079069999
0.19869878898074908,-0.12823545171217948,-0.28052626292692118
0.19874369966324992,-0.12809516758417996,-0.39542444396772902
0.19933936782497649,-0.12620431502803273,-0.90922706490960703
0.19947550504135125,-0.12576398526624435,-1.8447557890990116
0.20015020740325778,-0.12353351724400065,-0.60867423015380284
0.20020462988583407,-0.12334995208337934,-1.2278581448544372
0.20098228248395744,-0.12066237914843798,-1.4162614476893163
0.20118699690188099,-0.11993360540966512,1.8448653419260981
0.20128149245615196,-0.11959402234427981,0.16032929165179732
0.20133307927566035,-0.1194077713245859,-1.9942324228934587
0.2015890432180171,-0.11847435066156768,0.39218724079562106
0.20213147149720107,-0.11644239383443655,-1.9306694941165325
0.20238403891694601,-0.11546949408752274,1.3238290819847833
0.20247504902669347,-0.11511449194911701,1.1152344983824394
0.20340770121220733,-0.11132792138794491,-0.16550397344013446
0.20504877263770366,-0.10383894387544516,-1.1661747682914068
0.20593078635705012,-0.09920109078433452,-0.93199620202340983
0.20616778807171091,-0.097854353164190208,-0.47569156526323475
0.20664383046052434,-0.094987004518440873,1.2667724400610996
0.20677555336634193,-0.094149500820590523,0.016701911299156436
0.20739210388583351,-0.089906850730426577,-1.7441679441755125
0.20752130474142028,-0.088935910526509385,0.10069233971752567
0.20759875082049492,-0.088337331363358529,-0.99949364478542657
0.20837724555898826,-0.081363235672009024,-0.014188692132461433
0.20840003665773812,-0.081122623464188512,1.8212228539814377
0.20843399427913123,-0.080758682074823854,-1.5347473939722316
0.20852159815168486,-0.079787217802552657,-0.30780814916821653
0.20854276885524831,-0.07954480619991236,1.8681194192229733
0.2087884393047118,-0.076455721025279422,1.7903701340909941
0.20879005041573817,-0.076433418057124669,-1.65776659751333
0.2090467552927962,-0.072330266457476117,-1.0131152242567016
0.20909676677014558,-0.071342171868595206,-1.9717220041628258
0.20930546241792217,-0.065155919651566196,-1.4899186250689054
0.20931020313993023,-0.064900332037516495,-1.0698162616751978
0.20934405367262385,-0.061379988812599387,1.9388442141168469
0.2093427966205389,-0.060335792616248697,0.75002731947145174
0.20933697616357183,-0.05936455819304956,0.27998471657684165
0.20933127448317645,-0.058776862006641249,-0.92809572802879003
0.20929788399940286,-0.056697571029655149,-1.3652620967819122
0.20928809007743526,-0.056254041195905602,1.6044505302879912
0.20922045028843886,-0.053903136030839627,-1.0258419927048972
0.20921846260600913,-0.053845601331912671,0.55385029216560833
0.20909138928362045,-0.050817992701727883,0.44941380687805532
0.20883169213573283,-0.046475151231081882,-0.2301853775085978
0.20878698840668403,-0.045853220260803407,1.6128334725348505
0.20875762940955411,-0.045458415603348117,0.90736758603898782
0.20862934273048755,-0.043840520754094107,-0.47222484088750827
0.20841610308165226,-0.041448601336924303,1.9180791517895712
0.208255128583508,-0.039823834950445162,-0.99494347909800895
0.20815059503221686,-0.038833635791979543,0.62977585987892271
0.20798061906206378,-0.037313640432079909,0.76340586137689037
0.20775595666696264,-0.035446286805684638,0.080724650956303101
0.20773587254354881,-0.035286136552796582,-1.6777682881461167
0.207705618932266,-0.035046816439972782,1.2318822932016005
0.20659547360354849,-0.027459979785553316,-1.7041591817838349
0.20633761915769541,-0.025941047968979166,1.6784022744524658
0.20600931041389867,-0.024102071044799361,0.43320770485817972
0.20572142750410499,-0.022565889799923872,1.0085039293738554
0.20571016276387566,-0.02250710169167245,1.6175716217738376
0.20530829194427827,-0.020469076936004093,-1.2887239425798933
0.2050392385044108,-0.019163721130795144,0.6377738424270798
0.20493916218393099,-0.01868919345941918,0.17497040215812198
0.20429379611336107,-0.015757287229484454,-0.41861408546771361
0.20389142401792024,-0.014029197746976646,0.90862653213293765
0.20313538441724069,-0.01095743538886825,-0.86086270862507064
0.20312702308426489,-0.010924619201285965,1.8097266938271286
0.20299555791888838,-0.010411737832054117,-0.20614723137280633
0.20291505525486603,-0.010100492125442485,1.2039744165531494
0.20227129385779591,-0.0076837372053910292,-0.91513465126593818
0.20224230988423705,-0.0075777861478036317,-0.77133189639818189
0.20189915339530756,-0.006340802660318905,-1.8830351912179202
0.20167300573098568,-0.0055424850794009821,0.32870220298867858
0.20145440189887964,-0.0047829074802856275,-1.0246913135462523
0.20126508058177728,-0.0041343194878111786,-0.38125505752803379
0.20115112516312042,-0.003747929553085783,-1.6399073632497831
0.20056803956155281,-0.0018155550510326368,1.8863127525356029
